Workbook
Name TR一覧: #REF!
Name TR一覧: #REF!
Name TR一覧: #REF!
Name TR一覧: #REF!
Name TR結線一覧: #REF!
Name TR結線一覧: #REF!
Name TR結線一覧: #REF!
Name TR結線一覧: #REF!
Name TR容量一覧: #REF!
Name TR容量一覧: #REF!
Name TR容量一覧: #REF!
Name TR容量一覧: #REF!
Name 一次側電圧一覧: #REF!
Name 一次側電圧一覧: #REF!
Name 一次側電圧一覧: #REF!
Name 一次側電圧一覧: #REF!
Name 回路分類一覧: #REF!
Name 回路分類一覧: #REF!
Name 回路分類一覧: #REF!
Name 回路分類一覧: #REF!
Name 受電接続負荷種別: #REF!
Name 受電接続負荷種別: #REF!
Name 受電接続負荷種別: #REF!
Name 受電接続負荷種別: #REF!
Name 需要家受電電圧: #REF!
Name 需要家受電電圧: #REF!
Name 需要家受電電圧: #REF!
Name 需要家受電電圧: #REF!
Name 需要家受電方式: #REF!
Name 需要家受電方式: #REF!
Name 需要家受電方式: #REF!
Name 需要家受電方式: #REF!
Name 設備種類: #REF!
Name 設備種類: #REF!
Name 設備種類: #REF!
Name 設備種類: #REF!
Name 電力会社: #REF!
Name 電力会社: #REF!
Name 電力会社: #REF!
Name 電力会社: #REF!
Name 二次側電圧一覧: #REF!
Name 二次側電圧一覧: #REF!
Name 二次側電圧一覧: #REF!
Name 二次側電圧一覧: #REF!
Name 入力TR一覧: #REF!
Name 入力TR一覧: #REF!
Name 入力TR一覧: #REF!
Name 入力TR一覧: #REF!
Name 負荷種別: #REF!
Name 負荷種別: #REF!
Name 負荷種別: #REF!
Name 負荷種別: #REF!

Sheet 様式５の３
T1: 様式５の３
M3: ※用紙の大きさは、日本工業規格Ａ３サイズまたはＡ４サイズとしてください。
S4: =#REF! -> #REF!
P5: 発電設備等設置者名 | R5: =#REF! -> #REF!
A6: 設 備 運 用 方 法
A7: － 発電機運転パターン、受電地点における受電電力パターン －

Sheet （日負荷曲線用需要データ）
C2: 0.020833333 | D2: 0.041666667 | E2: 0.0625 | F2: 0.083333333 | G2: 0.10416667 | H2: 0.125 | I2: 0.14583333 | J2: 0.16666667 | K2: 0.1875 | L2: 0.20833333 | M2: 0.22916667 | N2: 0.25 | O2: 0.27083333 | P2: 0.29166667 | Q2: 0.3125 | R2: 0.33333333 | S2: 0.35416667 | T2: 0.375 | U2: 0.39583333 | V2: 0.41666667 | W2: 0.4375 | X2: 0.45833333 | Y2: 0.47916667 | Z2: 0.5 | AA2: 0.52083333 | AB2: 0.54166667 | AC2: 0.5625 | AD2: 0.58333333 | AE2: 0.60416667 | AF2: 0.625 | AG2: 0.64583333 | AH2: 0.66666667 | AI2: 0.6875 | AJ2: 0.70833333 | AK2: 0.72916667 | AL2: 0.75 | AM2: 0.77083333 | AN2: 0.79166667 | AO2: 0.8125 | AP2: 0.83333333 | AQ2: 0.85416667 | AR2: 0.875 | AS2: 0.89583333 | AT2: 0.91666667 | AU2: 0.9375 | AV2: 0.95833333 | AW2: 0.97916667 | AX2: 1
A3: 冬 | B3: 11月 | C3: ='（日負荷曲線用元データ）'!B33 -> 58 | D3: ='（日負荷曲線用元データ）'!C33 -> 42 | E3: ='（日負荷曲線用元データ）'!D33 -> 41 | F3: ='（日負荷曲線用元データ）'!E33 -> 39 | G3: ='（日負荷曲線用元データ）'!F33 -> 39 | H3: ='（日負荷曲線用元データ）'!G33 -> 42 | I3: ='（日負荷曲線用元データ）'!H33 -> 41 | J3: ='（日負荷曲線用元データ）'!I33 -> 39 | ... AX3: ='（日負荷曲線用元データ）'!AW33 -> 92.068966
A4: 冬 | B4: 12月 | C4: ='（日負荷曲線用元データ）'!B66 -> 56.5 | D4: ='（日負荷曲線用元データ）'!C66 -> 41.071429 | E4: ='（日負荷曲線用元データ）'!D66 -> 39.035714 | F4: ='（日負荷曲線用元データ）'!E66 -> 35.214286 | G4: ='（日負荷曲線用元データ）'!F66 -> 36.071429 | H4: ='（日負荷曲線用元データ）'!G66 -> 39 | I4: ='（日負荷曲線用元データ）'!H66 -> 38.607143 | J4: ='（日負荷曲線用元データ）'!I66 -> 36.535714 | ... AX4: ='（日負荷曲線用元データ）'!AW66 -> 84.548387
A5: 冬 | B5: 1月 | C5: ='（日負荷曲線用元データ）'!B99 -> 54.193548 | D5: ='（日負荷曲線用元データ）'!C99 -> 40.612903 | E5: ='（日負荷曲線用元データ）'!D99 -> 38.548387 | F5: ='（日負荷曲線用元データ）'!E99 -> 34.870968 | G5: ='（日負荷曲線用元データ）'!F99 -> 36.225806 | H5: ='（日負荷曲線用元データ）'!G99 -> 38.387097 | I5: ='（日負荷曲線用元データ）'!H99 -> 36.83871 | J5: ='（日負荷曲線用元データ）'!I99 -> 35.354839 | ... AX5: ='（日負荷曲線用元データ）'!AW99 -> 78.870968
A6: 冬 | B6: 2月 | C6: ='（日負荷曲線用元データ）'!B130 -> 53.75 | D6: ='（日負荷曲線用元データ）'!C130 -> 38.5 | E6: ='（日負荷曲線用元データ）'!D130 -> 36.607143 | F6: ='（日負荷曲線用元データ）'!E130 -> 32.678571 | G6: ='（日負荷曲線用元データ）'!F130 -> 33.642857 | H6: ='（日負荷曲線用元データ）'!G130 -> 36.107143 | I6: ='（日負荷曲線用元データ）'!H130 -> 34.928571 | J6: ='（日負荷曲線用元データ）'!I130 -> 32.75 | ... AX6: ='（日負荷曲線用元データ）'!AW130 -> 83.928571
A7: 冬 | B7: 3月 | C7: ='（日負荷曲線用元データ）'!B163 -> 58.354839 | D7: ='（日負荷曲線用元データ）'!C163 -> 40.741935 | E7: ='（日負荷曲線用元データ）'!D163 -> 39.612903 | F7: ='（日負荷曲線用元データ）'!E163 -> 36.290323 | G7: ='（日負荷曲線用元データ）'!F163 -> 37.290323 | H7: ='（日負荷曲線用元データ）'!G163 -> 40.258065 | I7: ='（日負荷曲線用元データ）'!H163 -> 38.83871 | J7: ='（日負荷曲線用元データ）'!I163 -> 36.677419 | ... AX7: ='（日負荷曲線用元データ）'!AW163 -> 86.580645
B8: 平均 | C8: =AVERAGE(C3:D7) -> 48.372465 | E8: =AVERAGE(E3:F7) -> 37.285829 | G8: =AVERAGE(G3:H7) -> 37.798272 | I8: =AVERAGE(I3:J7) -> 37.053111 | K8: =AVERAGE(K3:L7) -> 34.096429 | M8: =AVERAGE(M3:N7) -> 45.306682 | O8: =AVERAGE(O3:P7) -> 93.087558 | Q8: =AVERAGE(Q3:R7) -> 104.97707 | S8: =AVERAGE(S3:T7) -> 113.82097 | U8: =AVERAGE(U3:V7) -> 122.42915 | W8: =AVERAGE(W3:X7) -> 117.96221 | Y8: =AVERAGE(Y3:Z7) -> 118.87972 | AA8: =AVERAGE(AA3:AB7) -> 120.65691 | AC8: =AVERAGE(AC3:AD7) -> 118.37051 | AE8: =AVERAGE(AE3:AF7) -> 116.97293 | AG8: =AVERAGE(AG3:AH7) -> 114.56166 | AI8: =AVERAGE(AI3:AJ7) -> 109.18311 | AK8: =AVERAGE(AK3:AL7) -> 107.38915 | AM8: =AVERAGE(AM3:AN7) -> 107.03634 | AO8: =AVERAGE(AO3:AP7) -> 105.21935 | AQ8: =AVERAGE(AQ3:AR7) -> 102.404 | AS8: =AVERAGE(AS3:AT7) -> 97.358525 | AU8: =AVERAGE(AU3:AV7) -> 90.401108 | AW8: =AVERAGE(AW3:AX7) -> 86.740366
C9: =(SUM(C4+D4)+SUM(C5+D5)+SUM(C6+D6)+SUM(C7+D7)+SUM(C3+D3))/5 -> 96.744931 | E9: =(SUM(E4+F4)+SUM(E5+F5)+SUM(E6+F6)+SUM(E7+F7)+SUM(E3+F3))/5 -> 74.571659 | G9: =(SUM(G4+H4)+SUM(G5+H5)+SUM(G6+H6)+SUM(G7+H7)+SUM(G3+H3))/5 -> 75.596544 | I9: =(SUM(I4+J4)+SUM(I5+J5)+SUM(I6+J6)+SUM(I7+J7)+SUM(I3+J3))/5 -> 74.106221 | K9: =(SUM(K4+L4)+SUM(K5+L5)+SUM(K6+L6)+SUM(K7+L7)+SUM(K3+L3))/5 -> 68.192857 | M9: =(SUM(M4+N4)+SUM(M5+N5)+SUM(M6+N6)+SUM(M7+N7)+SUM(M3+N3))/5 -> 90.613364 | O9: =(SUM(O4+P4)+SUM(O5+P5)+SUM(O6+P6)+SUM(O7+P7)+SUM(O3+P3))/5 -> 186.17512 | Q9: =(SUM(Q4+R4)+SUM(Q5+R5)+SUM(Q6+R6)+SUM(Q7+R7)+SUM(Q3+R3))/5 -> 209.95415 | S9: =(SUM(S4+T4)+SUM(S5+T5)+SUM(S6+T6)+SUM(S7+T7)+SUM(S3+T3))/5 -> 227.64194 | U9: =(SUM(U4+V4)+SUM(U5+V5)+SUM(U6+V6)+SUM(U7+V7)+SUM(U3+V3))/5 -> 244.85829 | W9: =(SUM(W4+X4)+SUM(W5+X5)+SUM(W6+X6)+SUM(W7+X7)+SUM(W3+X3))/5 -> 235.92442 | Y9: =(SUM(Y4+Z4)+SUM(Y5+Z5)+SUM(Y6+Z6)+SUM(Y7+Z7)+SUM(Y3+Z3))/5 -> 237.75945 | AA9: =(SUM(AA4+AB4)+SUM(AA5+AB5)+SUM(AA6+AB6)+SUM(AA7+AB7)+SUM(AA3+AB3))/5 -> 241.31382 | AC9: =(SUM(AC4+AD4)+SUM(AC5+AD5)+SUM(AC6+AD6)+SUM(AC7+AD7)+SUM(AC3+AD3))/5 -> 236.74101 | AE9: =(SUM(AE4+AF4)+SUM(AE5+AF5)+SUM(AE6+AF6)+SUM(AE7+AF7)+SUM(AE3+AF3))/5 -> 233.94585 | AG9: =(SUM(AG4+AH4)+SUM(AG5+AH5)+SUM(AG6+AH6)+SUM(AG7+AH7)+SUM(AG3+AH3))/5 -> 229.12333 | AI9: =(SUM(AI4+AJ4)+SUM(AI5+AJ5)+SUM(AI6+AJ6)+SUM(AI7+AJ7)+SUM(AI3+AJ3))/5 -> 218.36622 | AK9: =(SUM(AK4+AL4)+SUM(AK5+AL5)+SUM(AK6+AL6)+SUM(AK7+AL7)+SUM(AK3+AL3))/5 -> 214.77829 | AM9: =(SUM(AM4+AN4)+SUM(AM5+AN5)+SUM(AM6+AN6)+SUM(AM7+AN7)+SUM(AM3+AN3))/5 -> 214.07268 | AO9: =(SUM(AO4+AP4)+SUM(AO5+AP5)+SUM(AO6+AP6)+SUM(AO7+AP7)+SUM(AO3+AP3))/5 -> 210.43869 | AQ9: =(SUM(AQ4+AR4)+SUM(AQ5+AR5)+SUM(AQ6+AR6)+SUM(AQ7+AR7)+SUM(AQ3+AR3))/5 -> 204.80801 | AS9: =(SUM(AS4+AT4)+SUM(AS5+AT5)+SUM(AS6+AT6)+SUM(AS7+AT7)+SUM(AS3+AT3))/5 -> 194.71705 | AU9: =(SUM(AU4+AV4)+SUM(AU5+AV5)+SUM(AU6+AV6)+SUM(AU7+AV7)+SUM(AU3+AV3))/5 -> 180.80222 | AW9: =(SUM(AW4+AX4)+SUM(AW5+AX5)+SUM(AW6+AX6)+SUM(AW7+AX7)+SUM(AW3+AX3))/5 -> 173.48073
A10: 春 | B10: 4月 | C10: ='（日負荷曲線用元データ）'!B195 -> 59.662851 | D10: ='（日負荷曲線用元データ）'!C195 -> 41.5 | E10: ='（日負荷曲線用元データ）'!D195 -> 39.804891 | F10: ='（日負荷曲線用元データ）'!E195 -> 37.033333 | G10: ='（日負荷曲線用元データ）'!F195 -> 37.218522 | H10: ='（日負荷曲線用元データ）'!G195 -> 40.533333 | I10: ='（日負荷曲線用元データ）'!H195 -> 39.959938 | J10: ='（日負荷曲線用元データ）'!I195 -> 37.633333 | ... AX10: ='（日負荷曲線用元データ）'!AW195 -> 85.066667
A11: 春 | B11: 5月 | C11: ='（日負荷曲線用元データ）'!B228 -> 65.032258 | D11: ='（日負荷曲線用元データ）'!C228 -> 48.096774 | E11: ='（日負荷曲線用元データ）'!D228 -> 47.903226 | F11: ='（日負荷曲線用元データ）'!E228 -> 45.096774 | G11: ='（日負荷曲線用元データ）'!F228 -> 44.129032 | H11: ='（日負荷曲線用元データ）'!G228 -> 49.225806 | I11: ='（日負荷曲線用元データ）'!H228 -> 48.096774 | J11: ='（日負荷曲線用元データ）'!I228 -> 46.258065 | ... AX11: ='（日負荷曲線用元データ）'!AW228 -> 85.870968
A12: 秋 | B12: 9月 | C12: ='（日負荷曲線用元データ）'!B358 -> 77.90841 | D12: ='（日負荷曲線用元データ）'!C358 -> 61.766667 | E12: ='（日負荷曲線用元データ）'!D358 -> 62.332373 | F12: ='（日負荷曲線用元データ）'!E358 -> 59.9 | G12: ='（日負荷曲線用元データ）'!F358 -> 56.396313 | H12: ='（日負荷曲線用元データ）'!G358 -> 64.5 | I12: ='（日負荷曲線用元データ）'!H358 -> 63.342742 | J12: ='（日負荷曲線用元データ）'!I358 -> 61.966667 | ... AX12: ='（日負荷曲線用元データ）'!AW358 -> 105.53333
A13: 秋 | B13: 10月 | C13: ='（日負荷曲線用元データ）'!B391 -> 65.419355 | D13: ='（日負荷曲線用元データ）'!C391 -> 47.483871 | E13: ='（日負荷曲線用元データ）'!D391 -> 46.903226 | F13: ='（日負荷曲線用元データ）'!E391 -> 43.967742 | G13: ='（日負荷曲線用元データ）'!F391 -> 43.064516 | H13: ='（日負荷曲線用元データ）'!G391 -> 48.451613 | I13: ='（日負荷曲線用元データ）'!H391 -> 46.290323 | J13: ='（日負荷曲線用元データ）'!I391 -> 45.225806 | ... AX13: ='（日負荷曲線用元データ）'!AW391 -> 95.967742
B14: 平均 | C14: =AVERAGE(C10:D13) -> 58.358773 | E14: =AVERAGE(E10:F13) -> 47.867696 | G14: =AVERAGE(G10:H13) -> 47.939892 | I14: =AVERAGE(I10:J13) -> 48.596706 | K14: =AVERAGE(K10:L13) -> 44.69154 | M14: =AVERAGE(M10:N13) -> 53.597351 | O14: =AVERAGE(O10:P13) -> 94.515815 | Q14: =AVERAGE(Q10:R13) -> 109.32914 | S14: =AVERAGE(S10:T13) -> 122.12149 | U14: =AVERAGE(U10:V13) -> 133.93562 | W14: =AVERAGE(W10:X13) -> 130.00263 | Y14: =AVERAGE(Y10:Z13) -> 132.52291 | AA14: =AVERAGE(AA10:AB13) -> 132.32792 | AC14: =AVERAGE(AC10:AD13) -> 132.19725 | AE14: =AVERAGE(AE10:AF13) -> 129.79135 | AG14: =AVERAGE(AG10:AH13) -> 128.95124 | AI14: =AVERAGE(AI10:AJ13) -> 121.05941 | AK14: =AVERAGE(AK10:AL13) -> 117.55218 | AM14: =AVERAGE(AM10:AN13) -> 112.8221 | AO14: =AVERAGE(AO10:AP13) -> 110.91276 | AQ14: =AVERAGE(AQ10:AR13) -> 108.35806 | AS14: =AVERAGE(AS10:AT13) -> 106.13613 | AU14: =AVERAGE(AU10:AV13) -> 98.57529 | AW14: =AVERAGE(AW10:AX13) -> 94.314399
C15: =(SUM(C10+D10)+SUM(C11+D12)+SUM(C12+D11)+SUM(D13+C13))/4 -> 116.71755 | E15: =(SUM(E10+F10)+SUM(E11+F12)+SUM(E12+F11)+SUM(F13+E13))/4 -> 95.735391 | G15: =(SUM(G10+H10)+SUM(G11+H12)+SUM(G12+H11)+SUM(H13+G13))/4 -> 95.879784 | I15: =(SUM(I10+J10)+SUM(I11+J12)+SUM(I12+J11)+SUM(J13+I13))/4 -> 97.193412 | K15: =(SUM(K10+L10)+SUM(K11+L12)+SUM(K12+L11)+SUM(L13+K13))/4 -> 89.383079 | M15: =(SUM(M10+N10)+SUM(M11+N12)+SUM(M12+N11)+SUM(N13+M13))/4 -> 107.1947 | O15: =(SUM(O10+P10)+SUM(O11+P12)+SUM(O12+P11)+SUM(P13+O13))/4 -> 189.03163 | Q15: =(SUM(Q10+R10)+SUM(Q11+R12)+SUM(Q12+R11)+SUM(R13+Q13))/4 -> 218.65828 | S15: =(SUM(S10+T10)+SUM(S11+T12)+SUM(S12+T11)+SUM(T13+S13))/4 -> 244.24297 | U15: =(SUM(U10+V10)+SUM(U11+V12)+SUM(U12+V11)+SUM(V13+U13))/4 -> 267.87124 | W15: =(SUM(W10+X10)+SUM(W11+X12)+SUM(W12+X11)+SUM(X13+W13))/4 -> 260.00527 | Y15: =(SUM(Y10+Z10)+SUM(Y11+Z12)+SUM(Y12+Z11)+SUM(Z13+Y13))/4 -> 265.04583 | AA15: =(SUM(AA10+AB10)+SUM(AA11+AB12)+SUM(AA12+AB11)+SUM(AB13+AA13))/4 -> 264.65583 | AC15: =(SUM(AC10+AD10)+SUM(AC11+AD12)+SUM(AC12+AD11)+SUM(AD13+AC13))/4 -> 264.39449 | AE15: =(SUM(AE10+AF10)+SUM(AE11+AF12)+SUM(AE12+AF11)+SUM(AF13+AE13))/4 -> 259.58269 | AG15: =(SUM(AG10+AH10)+SUM(AG11+AH12)+SUM(AG12+AH11)+SUM(AH13+AG13))/4 -> 257.90247 | AI15: =(SUM(AI10+AJ10)+SUM(AI11+AJ12)+SUM(AI12+AJ11)+SUM(AJ13+AI13))/4 -> 242.11882 | AK15: =(SUM(AK10+AL10)+SUM(AK11+AL12)+SUM(AK12+AL11)+SUM(AL13+AK13))/4 -> 235.10436 | AM15: =(SUM(AM10+AN10)+SUM(AM11+AN12)+SUM(AM12+AN11)+SUM(AN13+AM13))/4 -> 225.64421 | AO15: =(SUM(AO10+AP10)+SUM(AO11+AP12)+SUM(AO12+AP11)+SUM(AP13+AO13))/4 -> 221.82552 | AQ15: =(SUM(AQ10+AR10)+SUM(AQ11+AR12)+SUM(AQ12+AR11)+SUM(AR13+AQ13))/4 -> 216.71613 | AS15: =(SUM(AS10+AT10)+SUM(AS11+AT12)+SUM(AS12+AT11)+SUM(AT13+AS13))/4 -> 212.27226 | AU15: =(SUM(AU10+AV10)+SUM(AU11+AV12)+SUM(AU12+AV11)+SUM(AV13+AU13))/4 -> 197.15058 | AW15: =(SUM(AW10+AX10)+SUM(AW11+AX12)+SUM(AW12+AX11)+SUM(AX13+AW13))/4 -> 188.6288
A16: 夏 | B16: 6月 | C16: ='（日負荷曲線用元データ）'!B260 -> 70.244017 | D16: ='（日負荷曲線用元データ）'!C260 -> 53.066667 | E16: ='（日負荷曲線用元データ）'!D260 -> 52.66129 | F16: ='（日負荷曲線用元データ）'!E260 -> 49.633333 | G16: ='（日負荷曲線用元データ）'!F260 -> 47.312175 | H16: ='（日負荷曲線用元データ）'!G260 -> 53.466667 | I16: ='（日負荷曲線用元データ）'!H260 -> 51.973465 | J16: ='（日負荷曲線用元データ）'!I260 -> 50.9 | ... AX16: ='（日負荷曲線用元データ）'!AW260 -> 95.7
A17: 夏 | B17: 7月 | C17: ='（日負荷曲線用元データ）'!B293 -> 75.677419 | D17: ='（日負荷曲線用元データ）'!C293 -> 58.741935 | E17: ='（日負荷曲線用元データ）'!D293 -> 58.096774 | F17: ='（日負荷曲線用元データ）'!E293 -> 55.16129 | G17: ='（日負荷曲線用元データ）'!F293 -> 51.677419 | H17: ='（日負荷曲線用元データ）'!G293 -> 59.322581 | I17: ='（日負荷曲線用元データ）'!H293 -> 57.483871 | J17: ='（日負荷曲線用元データ）'!I293 -> 56.322581 | ... AX17: ='（日負荷曲線用元データ）'!AW293 -> 103.16129
A18: 夏 | B18: 8月 | C18: ='（日負荷曲線用元データ）'!B326 -> 83.428571 | D18: ='（日負荷曲線用元データ）'!C326 -> 66.892857 | E18: ='（日負荷曲線用元データ）'!D326 -> 66.678571 | F18: ='（日負荷曲線用元データ）'!E326 -> 63.928571 | G18: ='（日負荷曲線用元データ）'!F326 -> 58.928571 | H18: ='（日負荷曲線用元データ）'!G326 -> 67.642857 | I18: ='（日負荷曲線用元データ）'!H326 -> 66 | J18: ='（日負荷曲線用元データ）'!I326 -> 65.25 | ... AX18: ='（日負荷曲線用元データ）'!AW326 -> 116.67742
B19: 平均
C20: =(SUM(C16+D16)+SUM(C17+D17)+SUM(C18+D18))/3 -> 136.01716 | E20: =(SUM(E16+F16)+SUM(E17+F17)+SUM(E18+F18))/3 -> 115.38661 | G20: =(SUM(G16+H16)+SUM(G17+H17)+SUM(G18+H18))/3 -> 112.78342 | I20: =(SUM(I16+J16)+SUM(I17+J17)+SUM(I18+J18))/3 -> 115.97664 | K20: =(SUM(K16+L16)+SUM(K17+L17)+SUM(K18+L18))/3 -> 109.00527 | M20: =(SUM(M16+N16)+SUM(M17+N17)+SUM(M18+N18))/3 -> 132.93771 | O20: =(SUM(O16+P16)+SUM(O17+P17)+SUM(O18+P18))/3 -> 202.80104 | Q20: =(SUM(Q16+R16)+SUM(Q17+R17)+SUM(Q18+R18))/3 -> 244.79783 | S20: =(SUM(S16+T16)+SUM(S17+T17)+SUM(S18+T18))/3 -> 278.46876 | U20: =(SUM(U16+V16)+SUM(U17+V17)+SUM(U18+V18))/3 -> 312.32368 | W20: =(SUM(W16+X16)+SUM(W17+X17)+SUM(W18+X18))/3 -> 307.43881 | Y20: =(SUM(Y16+Z16)+SUM(Y17+Z17)+SUM(Y18+Z18))/3 -> 314.21242 | AA20: =(SUM(AA16+AB16)+SUM(AA17+AB17)+SUM(AA18+AB18))/3 -> 311.72797 | AC20: =(SUM(AC16+AD16)+SUM(AC17+AD17)+SUM(AC18+AD18))/3 -> 314.15671 | AE20: =(SUM(AE16+AF16)+SUM(AE17+AF17)+SUM(AE18+AF18))/3 -> 308.13418 | AG20: =(SUM(AG16+AH16)+SUM(AG17+AH17)+SUM(AG18+AH18))/3 -> 312.05242 | AI20: =(SUM(AI16+AJ16)+SUM(AI17+AJ17)+SUM(AI18+AJ18))/3 -> 293.53953 | AK20: =(SUM(AK16+AL16)+SUM(AK17+AL17)+SUM(AK18+AL18))/3 -> 283.11391 | AM20: =(SUM(AM16+AN16)+SUM(AM17+AN17)+SUM(AM18+AN18))/3 -> 265.61808 | AO20: =(SUM(AO16+AP16)+SUM(AO17+AP17)+SUM(AO18+AP18))/3 -> 259.65997 | AQ20: =(SUM(AQ16+AR16)+SUM(AQ17+AR17)+SUM(AQ18+AR18))/3 -> 248.39921 | AS20: =(SUM(AS16+AT16)+SUM(AS17+AT17)+SUM(AS18+AT18))/3 -> 241.41475 | AU20: =(SUM(AU16+AV16)+SUM(AU17+AV17)+SUM(AU18+AV18))/3 -> 221.93308 | AW20: =(SUM(AW16+AX16)+SUM(AW17+AX17)+SUM(AW18+AX18))/3 -> 212.14246

Sheet （日負荷曲線用元データ）
A1: 30分データ | C1: （ｋｗ） | D1: 2019/7/1〜2020/6/30
B2: 0 | C2: 0.020833333 | D2: 0.041666667 | E2: 0.0625 | F2: 0.083333333 | G2: 0.10416667 | H2: 0.125 | I2: 0.14583333 | J2: 0.16666667 | K2: 0.1875 | L2: 0.20833333 | M2: 0.22916667 | N2: 0.25 | O2: 0.27083333 | P2: 0.29166667 | Q2: 0.3125 | R2: 0.33333333 | S2: 0.35416667 | T2: 0.375 | U2: 0.39583333 | V2: 0.41666667 | W2: 0.4375 | X2: 0.45833333 | Y2: 0.47916667 | Z2: 0.5 | AA2: 0.52083333 | AB2: 0.54166667 | AC2: 0.5625 | AD2: 0.58333333 | AE2: 0.60416667 | AF2: 0.625 | AG2: 0.64583333 | AH2: 0.66666667 | AI2: 0.6875 | AJ2: 0.70833333 | AK2: 0.72916667 | AL2: 0.75 | AM2: 0.77083333 | AN2: 0.79166667 | AO2: 0.8125 | AP2: 0.83333333 | AQ2: 0.85416667 | AR2: 0.875 | AS2: 0.89583333 | AT2: 0.91666667 | AU2: 0.9375 | AV2: 0.95833333 | AW2: 0.97916667
A3: 20201101 | B3: 58 | C3: 42 | D3: 41 | E3: 39 | F3: 39 | G3: 42 | H3: 41 | I3: 39 | J3: 37 | K3: 38 | L3: 40 | M3: 51 | N3: 98 | O3: 104 | P3: 105 | Q3: 111 | R3: 115 | S3: 123 | T3: 127 | U3: 132 | V3: 131 | W3: 124 | X3: 127 | Y3: 131 | Z3: 121 | AA3: 132 | AB3: 128 | AC3: 123 | AD3: 119 | AE3: 129 | AF3: 124 | AG3: 121 | AH3: 121 | AI3: 121 | AJ3: 118 | AK3: 113 | AL3: 106 | AM3: 109 | AN3: 108 | AO3: 109 | AP3: 105 | AQ3: 112 | AR3: 113 | AS3: 109 | AT3: 105 | AU3: 104 | AV3: 103 | AW3: 97
A4: 20201102 | B4: 60 | C4: 46 | D4: 46 | E4: 44 | F4: 42 | G4: 48 | H4: 45 | I4: 44 | J4: 41 | K4: 43 | L4: 45 | M4: 54 | N4: 103 | O4: 94 | P4: 105 | Q4: 118 | R4: 112 | S4: 128 | T4: 132 | U4: 128 | V4: 122 | W4: 123 | X4: 120 | Y4: 123 | Z4: 123 | AA4: 123 | AB4: 120 | AC4: 120 | AD4: 112 | AE4: 125 | AF4: 117 | AG4: 121 | AH4: 113 | AI4: 115 | AJ4: 115 | AK4: 116 | AL4: 105 | AM4: 117 | AN4: 107 | AO4: 108 | AP4: 104 | AQ4: 115 | AR4: 111 | AS4: 109 | AT4: 106 | AU4: 105 | AV4: 103 | AW4: 97
A5: 20201103 | B5: 64 | C5: 45 | D5: 47 | E5: 44 | F5: 43 | G5: 48 | H5: 46 | I5: 44 | J5: 43 | K5: 39 | L5: 44 | M5: 54 | N5: 102 | O5: 100 | P5: 114 | Q5: 118 | R5: 115 | S5: 135 | T5: 136 | U5: 125 | V5: 125 | W5: 122 | X5: 127 | Y5: 128 | Z5: 127 | AA5: 134 | AB5: 125 | AC5: 125 | AD5: 118 | AE5: 127 | AF5: 118 | AG5: 116 | AH5: 115 | AI5: 114 | AJ5: 111 | AK5: 111 | AL5: 104 | AM5: 113 | AN5: 114 | AO5: 108 | AP5: 102 | AQ5: 109 | AR5: 108 | AS5: 106 | AT5: 99 | AU5: 99 | AV5: 95 | AW5: 97
A6: 20201104 | B6: 64 | C6: 43 | D6: 43 | E6: 39 | F6: 40 | G6: 44 | H6: 43 | I6: 39 | J6: 38 | K6: 37 | L6: 39 | M6: 50 | N6: 100 | O6: 89 | P6: 100 | Q6: 110 | R6: 109 | S6: 123 | T6: 128 | U6: 114 | V6: 115 | W6: 117 | X6: 120 | Y6: 119 | Z6: 112 | AA6: 114 | AB6: 112 | AC6: 113 | AD6: 111 | AE6: 122 | AF6: 113 | AG6: 107 | AH6: 110 | AI6: 109 | AJ6: 105 | AK6: 109 | AL6: 107 | AM6: 106 | AN6: 101 | AO6: 102 | AP6: 99 | AQ6: 109 | AR6: 104 | AS6: 99 | AT6: 98 | AU6: 93 | AV6: 95 | AW6: 91
A7: 20201105 | B7: 57 | C7: 41 | D7: 42 | E7: 39 | F7: 38 | G7: 41 | H7: 41 | I7: 40 | J7: 36 | K7: 38 | L7: 40 | M7: 51 | N7: 100 | O7: 93 | P7: 104 | Q7: 110 | R7: 115 | S7: 117 | T7: 134 | U7: 123 | V7: 122 | W7: 123 | X7: 123 | Y7: 122 | Z7: 127 | AA7: 124 | AB7: 121 | AC7: 120 | AD7: 117 | AE7: 123 | AF7: 119 | AG7: 118 | AH7: 115 | AI7: 113 | AJ7: 114 | AK7: 113 | AL7: 107 | AM7: 115 | AN7: 112 | AO7: 109 | AP7: 104 | AQ7: 110 | AR7: 110 | AS7: 104 | AT7: 101 | AU7: 99 | AV7: 98 | AW7: 91
A8: 20201106 | B8: 60 | C8: 43 | D8: 42 | E8: 38 | F8: 40 | G8: 42 | H8: 41 | I8: 39 | J8: 37 | K8: 36 | L8: 36 | M8: 41 | N8: 100 | O8: 88 | P8: 100 | Q8: 106 | R8: 112 | S8: 124 | T8: 123 | U8: 123 | V8: 123 | W8: 120 | X8: 124 | Y8: 124 | Z8: 122 | AA8: 122 | AB8: 118 | AC8: 116 | AD8: 114 | AE8: 122 | AF8: 118 | AG8: 116 | AH8: 115 | AI8: 114 | AJ8: 111 | AK8: 111 | AL8: 103 | AM8: 111 | AN8: 106 | AO8: 114 | AP8: 111 | AQ8: 118 | AR8: 113 | AS8: 107 | AT8: 104 | AU8: 103 | AV8: 100 | AW8: 92
A9: 20201107 | B9: 59 | C9: 44 | D9: 45 | E9: 42 | F9: 42 | G9: 45 | H9: 43 | I9: 41 | J9: 40 | K9: 40 | L9: 67 | M9: 63 | N9: 87 | O9: 100 | P9: 108 | Q9: 113 | R9: 114 | S9: 125 | T9: 137 | U9: 128 | V9: 122 | W9: 125 | X9: 118 | Y9: 123 | Z9: 124 | AA9: 126 | AB9: 120 | AC9: 119 | AD9: 119 | AE9: 122 | AF9: 120 | AG9: 121 | AH9: 123 | AI9: 116 | AJ9: 113 | AK9: 110 | AL9: 104 | AM9: 111 | AN9: 107 | AO9: 111 | AP9: 112 | AQ9: 118 | AR9: 115 | AS9: 110 | AT9: 103 | AU9: 104 | AV9: 101 | AW9: 102
A10: 20201108 | B10: 73 | C10: 57 | D10: 57 | E10: 54 | F10: 54 | G10: 59 | H10: 58 | I10: 47 | J10: 43 | K10: 43 | L10: 45 | M10: 61 | N10: 107 | O10: 95 | P10: 110 | Q10: 115 | R10: 122 | S10: 129 | T10: 138 | U10: 133 | V10: 130 | W10: 125 | X10: 132 | Y10: 130 | Z10: 126 | AA10: 133 | AB10: 129 | AC10: 125 | AD10: 119 | AE10: 132 | AF10: 124 | AG10: 124 | AH10: 122 | AI10: 124 | AJ10: 120 | AK10: 115 | AL10: 107 | AM10: 115 | AN10: 106 | AO10: 111 | AP10: 106 | AQ10: 114 | AR10: 110 | AS10: 107 | AT10: 101 | AU10: 102 | AV10: 98 | AW10: 98
A11: 20201109 | B11: 60 | C11: 43 | D11: 42 | E11: 39 | F11: 39 | G11: 44 | H11: 42 | I11: 39 | J11: 37 | K11: 37 | L11: 39 | M11: 51 | N11: 89 | O11: 75 | P11: 87 | Q11: 97 | R11: 99 | S11: 114 | T11: 116 | U11: 119 | V11: 111 | W11: 112 | X11: 114 | Y11: 110 | Z11: 112 | AA11: 116 | AB11: 109 | AC11: 106 | AD11: 101 | AE11: 111 | AF11: 105 | AG11: 110 | AH11: 103 | AI11: 101 | AJ11: 100 | AK11: 96 | AL11: 99 | AM11: 106 | AN11: 103 | AO11: 100 | AP11: 95 | AQ11: 100 | AR11: 98 | AS11: 92 | AT11: 91 | AU11: 87 | AV11: 88 | AW11: 80
A12: 20201110 | B12: 53 | C12: 40 | D12: 39 | E12: 36 | F12: 37 | G12: 41 | H12: 39 | I12: 38 | J12: 34 | K12: 36 | L12: 37 | M12: 48 | N12: 90 | O12: 91 | P12: 102 | Q12: 102 | R12: 106 | S12: 121 | T12: 122 | U12: 121 | V12: 125 | W12: 115 | X12: 123 | Y12: 117 | Z12: 120 | AA12: 129 | AB12: 117 | AC12: 118 | AD12: 120 | AE12: 119 | AF12: 117 | AG12: 114 | AH12: 112 | AI12: 111 | AJ12: 110 | AK12: 108 | AL12: 108 | AM12: 112 | AN12: 114 | AO12: 107 | AP12: 103 | AQ12: 106 | AR12: 103 | AS12: 100 | AT12: 97 | AU12: 95 | AV12: 94 | AW12: 94
A13: 20201111 | B13: 58 | C13: 41 | D13: 40 | E13: 36 | F13: 37 | G13: 40 | H13: 40 | I13: 38 | J13: 35 | K13: 37 | L13: 37 | M13: 50 | N13: 93 | O13: 88 | P13: 106 | Q13: 110 | R13: 109 | S13: 122 | T13: 119 | U13: 121 | V13: 115 | W13: 114 | X13: 116 | Y13: 118 | Z13: 117 | AA13: 115 | AB13: 113 | AC13: 112 | AD13: 108 | AE13: 121 | AF13: 112 | AG13: 110 | AH13: 108 | AI13: 106 | AJ13: 109 | AK13: 100 | AL13: 95 | AM13: 101 | AN13: 101 | AO13: 104 | AP13: 100 | AQ13: 113 | AR13: 101 | AS13: 97 | AT13: 93 | AU13: 93 | AV13: 91 | AW13: 90
A14: 20201112 | B14: 60 | C14: 40 | D14: 39 | E14: 34 | F14: 36 | G14: 39 | H14: 38 | I14: 35 | J14: 35 | K14: 34 | L14: 36 | M14: 49 | N14: 103 | O14: 87 | P14: 101 | Q14: 111 | R14: 115 | S14: 120 | T14: 129 | U14: 125 | V14: 119 | W14: 123 | X14: 123 | Y14: 123 | Z14: 123 | AA14: 129 | AB14: 124 | AC14: 128 | AD14: 116 | AE14: 128 | AF14: 123 | AG14: 117 | AH14: 117 | AI14: 114 | AJ14: 112 | AK14: 109 | AL14: 102 | AM14: 109 | AN14: 107 | AO14: 109 | AP14: 109 | AQ14: 112 | AR14: 111 | AS14: 103 | AT14: 99 | AU14: 96 | AV14: 97 | AW14: 84
... A20: 20201118 | B20: 56 | C20: 42 | D20: 40 | E20: 37 | F20: 38 | G20: 41 | H20: 41 | I20: 40 | J20: 36 | K20: 37 | L20: 39 | M20: 50 | N20: 101 | O20: 99 | P20: 101 | Q20: 115 | R20: 114 | S20: 127 | T20: 131 | U20: 132 | V20: 128 | W20: 126 | X20: 131 | Y20: 128 | Z20: 128 | AA20: 140 | AB20: 136 | AC20: 132 | AD20: 128 | AE20: 138 | AF20: 135 | AG20: 129 | AH20: 119 | AI20: 119 | AJ20: 120 | AK20: 117 | AL20: 106 | AM20: 112 | AN20: 110 | AO20: 107 | AP20: 105 | AQ20: 111 | AR20: 112 | AS20: 111 | AT20: 105 | AU20: 103 | AV20: 101 | AW20: 104
A21: 20201119 | B21: 71 | C21: 50 | D21: 50 | E21: 46 | F21: 45 | G21: 49 | H21: 49 | I21: 48 | J21: 45 | K21: 44 | L21: 47 | M21: 56 | N21: 107 | O21: 99 | P21: 113 | Q21: 117 | R21: 117 | S21: 133 | T21: 140 | U21: 129 | V21: 128 | W21: 130 | X21: 133 | Y21: 137 | Z21: 133 | AA21: 139 | AB21: 132 | AC21: 136 | AD21: 126 | AE21: 146 | AF21: 138 | AG21: 136 | AH21: 129 | AI21: 130 | AJ21: 128 | AK21: 122 | AL21: 113 | AM21: 126 | AN21: 123 | AO21: 120 | AP21: 119 | AQ21: 123 | AR21: 119 | AS21: 119 | AT21: 111 | AU21: 105 | AV21: 94 | AW21: 94 | AX21: 22.344 | AY21: 22.908
A22: 20201120 | B22: 64 | C22: 49 | D22: 49 | E22: 47 | F22: 46 | G22: 51 | H22: 50 | I22: 49 | J22: 45 | K22: 44 | L22: 47 | M22: 57 | N22: 110 | O22: 107 | P22: 109 | Q22: 114 | R22: 121 | S22: 136 | T22: 140 | U22: 130 | V22: 127 | W22: 132 | X22: 138 | Y22: 139 | Z22: 122 | AA22: 131 | AB22: 129 | AC22: 122 | AD22: 111 | AE22: 129 | AF22: 119 | AG22: 123 | AH22: 120 | AI22: 118 | AJ22: 117 | AK22: 117 | AL22: 113 | AM22: 122 | AN22: 113 | AO22: 115 | AP22: 107 | AQ22: 116 | AR22: 112 | AS22: 111 | AT22: 106 | AU22: 103 | AV22: 103 | AW22: 91
A23: 20201121 | B23: 66 | C23: 47 | D23: 47 | E23: 44 | F23: 41 | G23: 48 | H23: 46 | I23: 46 | J23: 41 | K23: 43 | L23: 44 | M23: 65 | N23: 99 | O23: 91 | P23: 111 | Q23: 116 | R23: 113 | S23: 131 | T23: 134 | U23: 130 | V23: 121 | W23: 121 | X23: 124 | Y23: 123 | Z23: 125 | AA23: 126 | AB23: 124 | AC23: 118 | AD23: 113 | AE23: 122 | AF23: 118 | AG23: 118 | AH23: 114 | AI23: 114 | AJ23: 108 | AK23: 107 | AL23: 101 | AM23: 110 | AN23: 110 | AO23: 107 | AP23: 101 | AQ23: 111 | AR23: 106 | AS23: 105 | AT23: 102 | AU23: 100 | AV23: 100 | AW23: 93
A24: 20201122 | B24: 56 | C24: 42 | D24: 41 | E24: 38 | F24: 38 | G24: 42 | H24: 42 | I24: 40 | J24: 37 | K24: 36 | L24: 37 | M24: 52 | N24: 106 | O24: 91 | P24: 108 | Q24: 117 | R24: 111 | S24: 129 | T24: 134 | U24: 131 | V24: 131 | W24: 126 | X24: 125 | Y24: 129 | Z24: 128 | AA24: 128 | AB24: 122 | AC24: 128 | AD24: 118 | AE24: 129 | AF24: 122 | AG24: 124 | AH24: 121 | AI24: 118 | AJ24: 114 | AK24: 117 | AL24: 111 | AM24: 117 | AN24: 117 | AO24: 114 | AP24: 110 | AQ24: 118 | AR24: 113 | AS24: 110 | AT24: 107 | AU24: 105 | AV24: 104 | AW24: 100
A25: 20201123 | B25: 66 | C25: 47 | D25: 47 | E25: 45 | F25: 43 | G25: 47 | H25: 45 | I25: 44 | J25: 41 | K25: 40 | L25: 40 | M25: 54 | N25: 104 | O25: 98 | P25: 109 | Q25: 116 | R25: 110 | S25: 130 | T25: 129 | U25: 127 | V25: 126 | W25: 123 | X25: 123 | Y25: 118 | Z25: 124 | AA25: 123 | AB25: 113 | AC25: 116 | AD25: 114 | AE25: 120 | AF25: 120 | AG25: 116 | AH25: 114 | AI25: 118 | AJ25: 113 | AK25: 114 | AL25: 111 | AM25: 112 | AN25: 110 | AO25: 111 | AP25: 105 | AQ25: 110 | AR25: 108 | AS25: 101 | AT25: 99 | AU25: 98 | AV25: 99 | AW25: 84
A26: 20201124 | B26: 58 | C26: 42 | D26: 41 | E26: 37 | F26: 38 | G26: 43 | H26: 40 | I26: 39 | J26: 37 | K26: 35 | L26: 35 | M26: 50 | N26: 87 | O26: 91 | P26: 92 | Q26: 108 | R26: 110 | S26: 122 | T26: 130 | U26: 128 | V26: 122 | W26: 121 | X26: 122 | Y26: 120 | Z26: 119 | AA26: 123 | AB26: 126 | AC26: 125 | AD26: 116 | AE26: 122 | AF26: 121 | AG26: 115 | AH26: 116 | AI26: 113 | AJ26: 112 | AK26: 110 | AL26: 105 | AM26: 113 | AN26: 109 | AO26: 113 | AP26: 102 | AQ26: 112 | AR26: 104 | AS26: 100 | AT26: 100 | AU26: 95 | AV26: 96 | AW26: 92
A27: 20201125 | B27: 60 | C27: 42 | D27: 40 | E27: 37 | F27: 37 | G27: 41 | H27: 40 | I27: 39 | J27: 36 | K27: 36 | L27: 41 | M27: 50 | N27: 96 | O27: 94 | P27: 103 | Q27: 116 | R27: 114 | S27: 121 | T27: 127 | U27: 120 | V27: 121 | W27: 123 | X27: 125 | Y27: 119 | Z27: 117 | AA27: 125 | AB27: 117 | AC27: 119 | AD27: 110 | AE27: 125 | AF27: 118 | AG27: 117 | AH27: 112 | AI27: 114 | AJ27: 111 | AK27: 109 | AL27: 106 | AM27: 112 | AN27: 108 | AO27: 113 | AP27: 107 | AQ27: 110 | AR27: 110 | AS27: 103 | AT27: 103 | AU27: 99 | AV27: 98 | AW27: 93
A28: 20201126 | B28: 56 | C28: 41 | D28: 43 | E28: 38 | F28: 38 | G28: 42 | H28: 43 | I28: 40 | J28: 39 | K28: 38 | L28: 41 | M28: 50 | N28: 105 | O28: 91 | P28: 107 | Q28: 111 | R28: 116 | S28: 129 | T28: 132 | U28: 129 | V28: 123 | W28: 127 | X28: 125 | Y28: 124 | Z28: 118 | AA28: 129 | AB28: 122 | AC28: 124 | AD28: 117 | AE28: 125 | AF28: 114 | AG28: 118 | AH28: 117 | AI28: 116 | AJ28: 109 | AK28: 110 | AL28: 105 | AM28: 109 | AN28: 106 | AO28: 109 | AP28: 108 | AQ28: 119 | AR28: 108 | AS28: 109 | AT28: 105 | AU28: 98 | AV28: 96 | AW28: 92
A29: 20201127 | B29: 60 | C29: 42 | D29: 41 | E29: 37 | F29: 38 | G29: 42 | H29: 40 | I29: 40 | J29: 37 | K29: 37 | L29: 37 | M29: 51 | N29: 90 | O29: 100 | P29: 99 | Q29: 109 | R29: 109 | S29: 121 | T29: 124 | U29: 127 | V29: 122 | W29: 118 | X29: 122 | Y29: 116 | Z29: 115 | AA29: 123 | AB29: 122 | AC29: 117 | AD29: 111 | AE29: 119 | AF29: 116 | AG29: 116 | AH29: 112 | AI29: 112 | AJ29: 109 | AK29: 110 | AL29: 108 | AM29: 114 | AN29: 110 | AO29: 106 | AP29: 106 | AQ29: 109 | AR29: 109 | AS29: 105 | AT29: 101 | AU29: 101 | AV29: 97 | AW29: 97
A30: 20201128 | B30: 64 | C30: 42 | D30: 41 | E30: 38 | F30: 38 | G30: 43 | H30: 46 | I30: 44 | J30: 43 | K30: 43 | L30: 42 | M30: 54 | N30: 87 | O30: 78 | P30: 92 | Q30: 98 | R30: 112 | S30: 123 | T30: 132 | U30: 128 | V30: 124 | W30: 122 | X30: 122 | Y30: 120 | Z30: 122 | AA30: 123 | AB30: 119 | AC30: 115 | AD30: 112 | AE30: 125 | AF30: 119 | AG30: 119 | AH30: 116 | AI30: 114 | AJ30: 106 | AK30: 110 | AL30: 107 | AM30: 110 | AN30: 111 | AO30: 113 | AP30: 112 | AQ30: 111 | AR30: 104 | AS30: 101 | AT30: 97 | AU30: 99 | AV30: 94 | AW30: 94
A31: 20201129 | B31: 57 | C31: 41 | D31: 39 | E31: 36 | F31: 37 | G31: 40 | H31: 43 | I31: 42 | J31: 41 | K31: 41 | L31: 40 | M31: 43 | N31: 92 | O31: 79 | P31: 90 | Q31: 104 | R31: 113 | S31: 122 | T31: 131 | U31: 123 | V31: 125 | W31: 125 | X31: 117 | Y31: 122 | Z31: 121 | AA31: 128 | AB31: 126 | AC31: 126 | AD31: 115 | AE31: 122 | AF31: 120 | AG31: 120 | AH31: 118 | AI31: 113 | AJ31: 112 | AK31: 112 | AL31: 107 | AM31: 117 | AN31: 112 | AO31: 110 | AP31: 107 | AQ31: 110 | AR31: 107 | AS31: 103 | AT31: 97 | AU31: 99 | AV31: 94 | AW31: 89
A32: 20201130 | B32: 54 | C32: 40 | D32: 40 | E32: 36 | F32: 37 | G32: 40 | H32: 39 | I32: 38 | J32: 35 | K32: 35 | L32: 36 | M32: 50 | N32: 92 | O32: 80 | P32: 97 | Q32: 102 | R32: 121 | S32: 122 | T32: 124 | U32: 122 | V32: 120 | W32: 118 | X32: 119 | Y32: 117 | Z32: 119 | AA32: 124 | AB32: 117 | AC32: 115 | AD32: 116 | AE32: 119 | AF32: 114 | AG32: 116 | AH32: 114 | AI32: 111 | AJ32: 108 | AK32: 102 | AL32: 102 | AM32: 106 | AN32: 106 | AO32: 107 | AP32: 99 | AQ32: 105 | AR32: 103 | AS32: 99 | AT32: 97 | AU32: 96 | AV32: 97 | AW32: 90
B33: =AVERAGE(B3:B3) -> 58 | C33: =AVERAGE(C3:C3) -> 42 | D33: =AVERAGE(D3:D3) -> 41 | E33: =AVERAGE(E3:E3) -> 39 | F33: =AVERAGE(F3:F3) -> 39 | G33: =AVERAGE(G3:G3) -> 42 | H33: =AVERAGE(H3:H3) -> 41 | I33: =AVERAGE(I3:I3) -> 39 | ... AC33: =AVERAGE(AC3:AC3) -> 123 | AD33: =AVERAGE(AD3:AD31) -> 115.51724 | AE33: =AVERAGE(AE3:AE31) -> 125.48276 | AF33: =AVERAGE(AF3:AF31) -> 120.44828 | AG33: =AVERAGE(AG3:AG31) -> 118.93103 | AH33: =AVERAGE(AH3:AH31) -> 116.03448 | AI33: =AVERAGE(AI3:AI31) -> 115.27586 | AJ33: =AVERAGE(AJ3:AJ31) -> 112.68966 | AK33: =AVERAGE(AK3:AK31) -> 111.41379 | ... AW33: =AVERAGE(AW3:AW31) -> 92.068966
B34: =AVERAGE(B3:C33) -> 51.612903 | D34: =AVERAGE(D3:E33) -> 41.290323 | F34: =AVERAGE(F3:G33) -> 41.741935 | H34: =AVERAGE(H3:I33) -> 41.822581 | J34: =AVERAGE(J3:K33) -> 38.241935 | L34: =AVERAGE(L3:M33) -> 46.177419 | N34: =AVERAGE(N3:O33) -> 95.419355 | P34: =AVERAGE(P3:Q33) -> 107.41935 | R34: =AVERAGE(R3:S33) -> 119.09677 | T34: =AVERAGE(T3:U33) -> 128.12903 | V34: =AVERAGE(V3:W33) -> 122.87097 | X34: =AVERAGE(X3:Y33) -> 123.80645 | Z34: =AVERAGE(Z3:AA33) -> 124.48387 | AB34: =AVERAGE(AB3:AC33) -> 121.70968 | AD34: =AVERAGE(AD3:AE33) -> 120.40323 | AF34: =AVERAGE(AF3:AG33) -> 119.53838 | AH34: =AVERAGE(AH3:AI33) -> 115.55339 | AJ34: =AVERAGE(AJ3:AK33) -> 111.82425 | AL34: =AVERAGE(AL3:AM33) -> 109.45606 | AN34: =AVERAGE(AN3:AO33) -> 109.41991 | AP34: =AVERAGE(AP3:AQ33) -> 109.07453 | AR34: =AVERAGE(AR3:AS33) -> 106.80645 | AT34: =AVERAGE(AT3:AU33) -> 100.2208 | AV34: =AVERAGE(AV3:AW33) -> 94.617909
A35: 20201201 | B35: 56 | C35: 40 | D35: 40 | E35: 36 | F35: 37 | G35: 41 | H35: 40 | I35: 37 | J35: 35 | K35: 36 | L35: 35 | M35: 39 | N35: 88 | O35: 78 | P35: 93 | Q35: 100 | R35: 106 | S35: 121 | T35: 128 | U35: 122 | V35: 120 | W35: 119 | X35: 126 | Y35: 115 | Z35: 114 | AA35: 115 | AB35: 109 | AC35: 114 | AD35: 107 | AE35: 118 | AF35: 120 | AG35: 120 | AH35: 114 | AI35: 107 | AJ35: 107 | AK35: 107 | AL35: 104 | AM35: 108 | AN35: 107 | AO35: 108 | AP35: 102 | AQ35: 105 | AR35: 102 | AS35: 98 | AT35: 94 | AU35: 96 | AV35: 92 | AW35: 93
A36: 20201202 | B36: 58 | C36: 41 | D36: 39 | E36: 35 | F36: 36 | G36: 40 | H36: 38 | I36: 37 | J36: 35 | K36: 34 | L36: 35 | M36: 49 | N36: 97 | O36: 93 | P36: 105 | Q36: 110 | R36: 112 | S36: 123 | T36: 126 | U36: 123 | V36: 121 | W36: 117 | X36: 120 | Y36: 123 | Z36: 123 | AA36: 127 | AB36: 120 | AC36: 119 | AD36: 117 | AE36: 128 | AF36: 124 | AG36: 113 | AH36: 116 | AI36: 109 | AJ36: 110 | AK36: 103 | AL36: 106 | AM36: 110 | AN36: 106 | AO36: 106 | AP36: 101 | AQ36: 107 | AR36: 106 | AS36: 101 | AT36: 97 | AU36: 98 | AV36: 95 | AW36: 79
A37: 20201203 | B37: 58 | C37: 41 | D37: 39 | E37: 36 | F37: 37 | G37: 41 | H37: 41 | I37: 38 | J37: 36 | K37: 35 | L37: 39 | M37: 48 | N37: 97 | O37: 93 | P37: 107 | Q37: 116 | R37: 115 | S37: 119 | T37: 127 | U37: 126 | V37: 122 | W37: 119 | X37: 124 | Y37: 120 | Z37: 123 | AA37: 127 | AB37: 117 | AC37: 117 | AD37: 121 | AE37: 127 | AF37: 116 | AG37: 119 | AH37: 116 | AI37: 114 | AJ37: 115 | AK37: 112 | AL37: 108 | AM37: 113 | AN37: 113 | AO37: 120 | AP37: 106 | AQ37: 108 | AR37: 104 | AS37: 100 | AT37: 97 | AU37: 98 | AV37: 95 | AW37: 88
A38: 20201204 | B38: 55 | C38: 40 | D38: 40 | E38: 35 | F38: 37 | G38: 40 | H38: 39 | I38: 35 | J38: 35 | K38: 36 | L38: 37 | M38: 48 | N38: 87 | O38: 78 | P38: 91 | Q38: 102 | R38: 97 | S38: 120 | T38: 115 | U38: 115 | V38: 114 | W38: 114 | X38: 116 | Y38: 123 | Z38: 119 | AA38: 119 | AB38: 116 | AC38: 116 | AD38: 116 | AE38: 121 | AF38: 120 | AG38: 117 | AH38: 113 | AI38: 106 | AJ38: 106 | AK38: 103 | AL38: 101 | AM38: 106 | AN38: 103 | AO38: 101 | AP38: 100 | AQ38: 99 | AR38: 97 | AS38: 93 | AT38: 88 | AU38: 89 | AV38: 87 | AW38: 87
A39: 20201205 | B39: 57 | C39: 39 | D39: 36 | E39: 34 | F39: 34 | G39: 37 | H39: 37 | I39: 34 | J39: 33 | K39: 33 | L39: 38 | M39: 46 | N39: 85 | O39: 89 | P39: 91 | Q39: 101 | R39: 113 | S39: 123 | T39: 127 | U39: 129 | V39: 120 | W39: 123 | X39: 124 | Y39: 123 | Z39: 118 | AA39: 126 | AB39: 123 | AC39: 119 | AD39: 113 | AE39: 126 | AF39: 121 | AG39: 124 | AH39: 120 | AI39: 115 | AJ39: 112 | AK39: 112 | AL39: 109 | AM39: 113 | AN39: 107 | AO39: 113 | AP39: 117 | AQ39: 116 | AR39: 112 | AS39: 103 | AT39: 97 | AU39: 98 | AV39: 96 | AW39: 92
A40: 20201206 | B40: 54 | C40: 41 | D40: 38 | E40: 34 | F40: 36 | G40: 39 | H40: 39 | I40: 36 | J40: 34 | K40: 35 | L40: 38 | M40: 49 | N40: 102 | O40: 98 | P40: 110 | Q40: 112 | R40: 112 | S40: 120 | T40: 128 | U40: 128 | V40: 119 | W40: 124 | X40: 127 | Y40: 130 | Z40: 125 | AA40: 127 | AB40: 126 | AC40: 123 | AD40: 123 | AE40: 130 | AF40: 129 | AG40: 123 | AH40: 121 | AI40: 119 | AJ40: 117 | AK40: 116 | AL40: 111 | AM40: 117 | AN40: 111 | AO40: 111 | AP40: 108 | AQ40: 112 | AR40: 107 | AS40: 102 | AT40: 99 | AU40: 98 | AV40: 96 | AW40: 97
A41: 20201207 | B41: 58 | C41: 41 | D41: 39 | E41: 34 | F41: 37 | G41: 38 | H41: 39 | I41: 37 | J41: 34 | K41: 35 | L41: 38 | M41: 50 | N41: 104 | O41: 94 | P41: 106 | Q41: 114 | R41: 112 | S41: 131 | T41: 126 | U41: 126 | V41: 119 | W41: 124 | X41: 125 | Y41: 120 | Z41: 124 | AA41: 127 | AB41: 125 | AC41: 120 | AD41: 117 | AE41: 129 | AF41: 121 | AG41: 124 | AH41: 115 | AI41: 112 | AJ41: 111 | AK41: 108 | AL41: 106 | AM41: 116 | AN41: 107 | AO41: 108 | AP41: 100 | AQ41: 109 | AR41: 107 | AS41: 105 | AT41: 99 | AU41: 99 | AV41: 101 | AW41: 90
A42: 20201208 | B42: 57 | C42: 42 | D42: 41 | E42: 37 | F42: 37 | G42: 42 | H42: 41 | I42: 39 | J42: 35 | K42: 37 | L42: 40 | M42: 51 | N42: 105 | O42: 94 | P42: 104 | Q42: 110 | R42: 114 | S42: 122 | T42: 126 | U42: 120 | V42: 121 | W42: 119 | X42: 119 | Y42: 123 | Z42: 114 | AA42: 125 | AB42: 120 | AC42: 117 | AD42: 114 | AE42: 116 | AF42: 117 | AG42: 113 | AH42: 112 | AI42: 109 | AJ42: 111 | AK42: 108 | AL42: 108 | AM42: 111 | AN42: 109 | AO42: 107 | AP42: 105 | AQ42: 106 | AR42: 104 | AS42: 98 | AT42: 97 | AU42: 95 | AV42: 95 | AW42: 86
A43: 20201209 | B43: 58 | C43: 41 | D43: 39 | E43: 35 | F43: 36 | G43: 39 | H43: 39 | I43: 37 | J43: 33 | K43: 35 | L43: 34 | M43: 38 | N43: 96 | O43: 100 | P43: 100 | Q43: 112 | R43: 110 | S43: 122 | T43: 126 | U43: 121 | V43: 120 | W43: 117 | X43: 117 | Y43: 116 | Z43: 122 | AA43: 121 | AB43: 112 | AC43: 121 | AD43: 117 | AE43: 123 | AF43: 116 | AG43: 118 | AH43: 115 | AI43: 115 | AJ43: 109 | AK43: 110 | AL43: 107 | AM43: 112 | AN43: 107 | AO43: 104 | AP43: 98 | AQ43: 103 | AR43: 100 | AS43: 95 | AT43: 89 | AU43: 91 | AV43: 90 | AW43: 75
A44: 20201210 | B44: 58 | C44: 40 | D44: 37 | E44: 34 | F44: 34 | G44: 36 | H44: 36 | I44: 33 | J44: 33 | K44: 31 | L44: 34 | M44: 47 | N44: 100 | O44: 89 | P44: 105 | Q44: 110 | R44: 110 | S44: 122 | T44: 122 | U44: 120 | V44: 121 | W44: 120 | X44: 126 | Y44: 123 | Z44: 125 | AA44: 123 | AB44: 114 | AC44: 126 | AD44: 114 | AE44: 126 | AF44: 120 | AG44: 117 | AH44: 113 | AI44: 113 | AJ44: 109 | AK44: 109 | AL44: 101 | AM44: 116 | AN44: 115 | AO44: 110 | AP44: 108 | AQ44: 117 | AR44: 108 | AS44: 105 | AT44: 99 | AU44: 95 | AV44: 99 | AW44: 88
A45: 20201211 | B45: 54 | C45: 42 | D45: 41 | E45: 35 | F45: 37 | G45: 40 | H45: 39 | I45: 37 | J45: 36 | K45: 35 | L45: 38 | M45: 62 | N45: 100 | O45: 97 | P45: 108 | Q45: 113 | R45: 109 | S45: 121 | T45: 133 | U45: 122 | V45: 120 | W45: 116 | X45: 124 | Y45: 124 | Z45: 124 | AA45: 127 | AB45: 126 | AC45: 119 | AD45: 118 | AE45: 126 | AF45: 119 | AG45: 120 | AH45: 113 | AI45: 113 | AJ45: 111 | AK45: 112 | AL45: 110 | AM45: 119 | AN45: 109 | AO45: 113 | AP45: 103 | AQ45: 112 | AR45: 108 | AS45: 105 | AT45: 100 | AU45: 99 | AV45: 99 | AW45: 99
A46: 20201212 | B46: 77 | C46: 60 | D46: 57 | E46: 55 | F46: 55 | G46: 61 | H46: 58 | I46: 58 | J46: 54 | K46: 55 | L46: 58 | M46: 68 | N46: 107 | O46: 97 | P46: 113 | Q46: 116 | R46: 121 | S46: 126 | T46: 135 | U46: 129 | V46: 121 | W46: 126 | X46: 126 | Y46: 123 | Z46: 121 | AA46: 128 | AB46: 120 | AC46: 124 | AD46: 116 | AE46: 126 | AF46: 121 | AG46: 124 | AH46: 112 | AI46: 117 | AJ46: 115 | AK46: 109 | AL46: 113 | AM46: 109 | AN46: 106 | AO46: 104 | AP46: 100 | AQ46: 108 | AR46: 105 | AS46: 101 | AT46: 98 | AU46: 96 | AV46: 99 | AW46: 91
... A65: 20201231 | B65: 59 | C65: 38 | D65: 36 | E65: 33 | F65: 33 | G65: 35 | H65: 61 | I65: 67 | J65: 77 | K65: 78 | L65: 95 | M65: 99 | N65: 98 | O65: 105 | P65: 110 | Q65: 114 | R65: 115 | S65: 123 | T65: 132 | U65: 122 | V65: 118 | W65: 130 | X65: 125 | Y65: 123 | Z65: 124 | AA65: 124 | AB65: 124 | AC65: 129 | AD65: 122 | AE65: 131 | AF65: 118 | AG65: 111 | AH65: 112 | AI65: 111 | AJ65: 107 | AK65: 109 | AL65: 108 | AM65: 110 | AN65: 108 | AO65: 104 | AP65: 99 | AQ65: 105 | AR65: 97 | AS65: 69 | AT65: 55 | AU65: 52 | AV65: 52 | AW65: 51
B66: =AVERAGE(B38:B65) -> 56.5 | C66: =AVERAGE(C38:C65) -> 41.071429 | D66: =AVERAGE(D38:D65) -> 39.035714 | E66: =AVERAGE(E38:E65) -> 35.214286 | F66: =AVERAGE(F38:F65) -> 36.071429 | G66: =AVERAGE(G38:G65) -> 39 | H66: =AVERAGE(H38:H65) -> 38.607143 | I66: =AVERAGE(I38:I65) -> 36.535714 | ... AC66: =AVERAGE(AC38:AC65) -> 120.25 | AD66: =AVERAGE(AD35:AD65) -> 115.3871 | AE66: =AVERAGE(AE35:AE65) -> 123.19355 | AF66: =AVERAGE(AF35:AF65) -> 118.48387 | AG66: =AVERAGE(AG35:AG65) -> 116.64516 | AH66: =AVERAGE(AH35:AH65) -> 113.19355 | AI66: =AVERAGE(AI35:AI65) -> 111.03226 | AJ66: =AVERAGE(AJ35:AJ65) -> 109.45161 | AK66: =AVERAGE(AK35:AK65) -> 108.19355 | ... AW66: =AVERAGE(AW35:AW65) -> 84.548387
B67: =AVERAGE(B38:C66) -> 48.785714 | D67: =AVERAGE(D38:E66) -> 37.125 | F67: =AVERAGE(F38:G66) -> 37.535714 | H67: =AVERAGE(H38:I66) -> 37.571429 | J67: =AVERAGE(J38:K66) -> 35 | L67: =AVERAGE(L38:M66) -> 46.214286 | N67: =AVERAGE(N38:O66) -> 93.5 | P67: =AVERAGE(P38:Q66) -> 105.73214 | R67: =AVERAGE(R38:S66) -> 114.83929 | T67: =AVERAGE(T38:U66) -> 122.16071 | V67: =AVERAGE(V38:W66) -> 117.5 | X67: =AVERAGE(X38:Y66) -> 119.66071 | Z67: =AVERAGE(Z38:AA66) -> 122.08929 | AB67: =AVERAGE(AB38:AC66) -> 119.85714 | AD67: =AVERAGE(AD35:AE66) -> 119.29032 | AF67: =AVERAGE(AF35:AG66) -> 117.56452 | AH67: =AVERAGE(AH35:AI66) -> 112.1129 | AJ67: =AVERAGE(AJ35:AK66) -> 108.82258 | AL67: =AVERAGE(AL35:AM66) -> 108.93548 | AN67: =AVERAGE(AN35:AO66) -> 107.29032 | AP67: =AVERAGE(AP35:AQ66) -> 104.01613 | AR67: =AVERAGE(AR35:AS66) -> 98.177419 | AT67: =AVERAGE(AT35:AU66) -> 90.790323 | AV67: =AVERAGE(AV35:AW66) -> 86.919355
A68: 20210101 | B68: 49 | C68: 40 | D68: 38 | E68: 35 | F68: 36 | G68: 38 | H68: 36 | I68: 37 | J68: 33 | K68: 40 | L68: 107 | M68: 106 | N68: 112 | O68: 106 | P68: 103 | Q68: 105 | R68: 112 | S68: 120 | T68: 121 | U68: 115 | V68: 120 | W68: 122 | X68: 121 | Y68: 115 | Z68: 114 | AA68: 118 | AB68: 111 | AC68: 112 | AD68: 108 | AE68: 113 | AF68: 111 | AG68: 108 | AH68: 110 | AI68: 109 | AJ68: 109 | AK68: 106 | AL68: 101 | AM68: 106 | AN68: 96 | AO68: 90 | AP68: 83 | AQ68: 74 | AR68: 59 | AS68: 52 | AT68: 48 | AU68: 48 | AV68: 48 | AW68: 47
A69: 20210102 | B69: 46 | C69: 37 | D69: 36 | E69: 32 | F69: 34 | G69: 34 | H69: 33 | I69: 32 | J69: 29 | K69: 30 | L69: 60 | M69: 72 | N69: 102 | O69: 103 | P69: 98 | Q69: 104 | R69: 106 | S69: 121 | T69: 116 | U69: 112 | V69: 110 | W69: 106 | X69: 107 | Y69: 112 | Z69: 115 | AA69: 116 | AB69: 111 | AC69: 113 | AD69: 108 | AE69: 117 | AF69: 111 | AG69: 103 | AH69: 105 | AI69: 106 | AJ69: 108 | AK69: 110 | AL69: 103 | AM69: 104 | AN69: 101 | AO69: 97 | AP69: 95 | AQ69: 96 | AR69: 77 | AS69: 52 | AT69: 49 | AU69: 48 | AV69: 48 | AW69: 47
A70: 20210103 | B70: 46 | C70: 38 | D70: 34 | E70: 32 | F70: 34 | G70: 36 | H70: 32 | I70: 31 | J70: 29 | K70: 46 | L70: 67 | M70: 63 | N70: 90 | O70: 93 | P70: 98 | Q70: 105 | R70: 112 | S70: 113 | T70: 115 | U70: 110 | V70: 110 | W70: 113 | X70: 111 | Y70: 116 | Z70: 118 | AA70: 116 | AB70: 112 | AC70: 115 | AD70: 113 | AE70: 118 | AF70: 114 | AG70: 113 | AH70: 108 | AI70: 106 | AJ70: 106 | AK70: 108 | AL70: 109 | AM70: 106 | AN70: 102 | AO70: 106 | AP70: 100 | AQ70: 100 | AR70: 96 | AS70: 89 | AT70: 87 | AU70: 86 | AV70: 85 | AW70: 82
A71: 20210104 | B71: 50 | C71: 37 | D71: 35 | E71: 33 | F71: 35 | G71: 37 | H71: 34 | I71: 32 | J71: 31 | K71: 29 | L71: 36 | M71: 46 | N71: 96 | O71: 90 | P71: 109 | Q71: 118 | R71: 109 | S71: 112 | T71: 119 | U71: 116 | V71: 115 | W71: 114 | X71: 111 | Y71: 111 | Z71: 121 | AA71: 125 | AB71: 118 | AC71: 117 | AD71: 113 | AE71: 125 | AF71: 115 | AG71: 113 | AH71: 110 | AI71: 109 | AJ71: 105 | AK71: 105 | AL71: 110 | AM71: 113 | AN71: 107 | AO71: 105 | AP71: 101 | AQ71: 106 | AR71: 93 | AS71: 89 | AT71: 84 | AU71: 87 | AV71: 84 | AW71: 84
A72: 20210105 | B72: 52 | C72: 36 | D72: 35 | E72: 30 | F72: 34 | G72: 36 | H72: 32 | I72: 32 | J72: 29 | K72: 30 | L72: 32 | M72: 72 | N72: 92 | O72: 84 | P72: 105 | Q72: 110 | R72: 111 | S72: 120 | T72: 124 | U72: 116 | V72: 110 | W72: 108 | X72: 109 | Y72: 110 | Z72: 116 | AA72: 117 | AB72: 110 | AC72: 111 | AD72: 105 | AE72: 113 | AF72: 105 | AG72: 106 | AH72: 100 | AI72: 101 | AJ72: 101 | AK72: 103 | AL72: 102 | AM72: 101 | AN72: 101 | AO72: 100 | AP72: 93 | AQ72: 95 | AR72: 92 | AS72: 85 | AT72: 81 | AU72: 83 | AV72: 78 | AW72: 76
A73: 20210106 | B73: 53 | C73: 38 | D73: 35 | E73: 32 | F73: 35 | G73: 36 | H73: 34 | I73: 32 | J73: 31 | K73: 30 | L73: 30 | M73: 50 | N73: 84 | O73: 85 | P73: 101 | Q73: 110 | R73: 108 | S73: 114 | T73: 120 | U73: 112 | V73: 108 | W73: 107 | X73: 109 | Y73: 113 | Z73: 117 | AA73: 124 | AB73: 116 | AC73: 119 | AD73: 109 | AE73: 116 | AF73: 115 | AG73: 112 | AH73: 108 | AI73: 107 | AJ73: 101 | AK73: 103 | AL73: 102 | AM73: 112 | AN73: 110 | AO73: 105 | AP73: 98 | AQ73: 103 | AR73: 97 | AS73: 94 | AT73: 88 | AU73: 89 | AV73: 87 | AW73: 82
A74: 20210107 | B74: 50 | C74: 38 | D74: 36 | E74: 32 | F74: 33 | G74: 37 | H74: 33 | I74: 32 | J74: 30 | K74: 30 | L74: 32 | M74: 63 | N74: 90 | O74: 87 | P74: 103 | Q74: 113 | R74: 108 | S74: 120 | T74: 124 | U74: 116 | V74: 114 | W74: 113 | X74: 121 | Y74: 120 | Z74: 127 | AA74: 124 | AB74: 116 | AC74: 119 | AD74: 116 | AE74: 115 | AF74: 115 | AG74: 109 | AH74: 105 | AI74: 104 | AJ74: 103 | AK74: 96 | AL74: 97 | AM74: 103 | AN74: 100 | AO74: 101 | AP74: 98 | AQ74: 98 | AR74: 92 | AS74: 86 | AT74: 83 | AU74: 85 | AV74: 82 | AW74: 83
A75: 20210108 | B75: 52 | C75: 37 | D75: 34 | E75: 31 | F75: 31 | G75: 35 | H75: 32 | I75: 31 | J75: 29 | K75: 28 | L75: 31 | M75: 43 | N75: 98 | O75: 90 | P75: 103 | Q75: 113 | R75: 109 | S75: 115 | T75: 121 | U75: 115 | V75: 115 | W75: 112 | X75: 112 | Y75: 117 | Z75: 115 | AA75: 116 | AB75: 110 | AC75: 106 | AD75: 103 | AE75: 114 | AF75: 106 | AG75: 104 | AH75: 102 | AI75: 101 | AJ75: 98 | AK75: 99 | AL75: 98 | AM75: 102 | AN75: 98 | AO75: 100 | AP75: 100 | AQ75: 94 | AR75: 88 | AS75: 83 | AT75: 81 | AU75: 80 | AV75: 80 | AW75: 80
A76: 20210109 | B76: 51 | C76: 36 | D76: 34 | E76: 29 | F76: 33 | G76: 34 | H76: 33 | I76: 31 | J76: 29 | K76: 29 | L76: 35 | M76: 44 | N76: 80 | O76: 82 | P76: 95 | Q76: 95 | R76: 109 | S76: 115 | T76: 120 | U76: 115 | V76: 111 | W76: 111 | X76: 110 | Y76: 119 | Z76: 123 | AA76: 119 | AB76: 116 | AC76: 111 | AD76: 110 | AE76: 116 | AF76: 112 | AG76: 107 | AH76: 109 | AI76: 109 | AJ76: 108 | AK76: 103 | AL76: 100 | AM76: 103 | AN76: 98 | AO76: 103 | AP76: 99 | AQ76: 98 | AR76: 93 | AS76: 87 | AT76: 84 | AU76: 85 | AV76: 85 | AW76: 80
A77: 20210110 | B77: 56 | C77: 36 | D77: 35 | E77: 30 | F77: 32 | G77: 36 | H77: 32 | I77: 32 | J77: 29 | K77: 30 | L77: 29 | M77: 41 | N77: 93 | O77: 89 | P77: 97 | Q77: 100 | R77: 98 | S77: 115 | T77: 112 | U77: 117 | V77: 111 | W77: 107 | X77: 110 | Y77: 113 | Z77: 112 | AA77: 117 | AB77: 113 | AC77: 115 | AD77: 114 | AE77: 115 | AF77: 111 | AG77: 109 | AH77: 103 | AI77: 104 | AJ77: 101 | AK77: 102 | AL77: 104 | AM77: 110 | AN77: 100 | AO77: 101 | AP77: 96 | AQ77: 100 | AR77: 95 | AS77: 90 | AT77: 84 | AU77: 84 | AV77: 83 | AW77: 83
A78: 20210111 | B78: 52 | C78: 37 | D78: 34 | E78: 31 | F78: 32 | G78: 35 | H78: 33 | I78: 32 | J78: 29 | K78: 29 | L78: 30 | M78: 39 | N78: 93 | O78: 88 | P78: 104 | Q78: 103 | R78: 108 | S78: 111 | T78: 118 | U78: 117 | V78: 110 | W78: 109 | X78: 117 | Y78: 115 | Z78: 113 | AA78: 120 | AB78: 120 | AC78: 111 | AD78: 109 | AE78: 116 | AF78: 111 | AG78: 109 | AH78: 104 | AI78: 105 | AJ78: 107 | AK78: 103 | AL78: 100 | AM78: 105 | AN78: 101 | AO78: 100 | AP78: 101 | AQ78: 99 | AR78: 94 | AS78: 87 | AT78: 84 | AU78: 85 | AV78: 82 | AW78: 83
A79: 20210112 | B79: 68 | C79: 59 | D79: 56 | E79: 52 | F79: 53 | G79: 57 | H79: 54 | I79: 53 | J79: 52 | K79: 50 | L79: 53 | M79: 55 | N79: 93 | O79: 86 | P79: 103 | Q79: 112 | R79: 111 | S79: 117 | T79: 118 | U79: 116 | V79: 115 | W79: 111 | X79: 114 | Y79: 121 | Z79: 119 | AA79: 115 | AB79: 115 | AC79: 116 | AD79: 116 | AE79: 116 | AF79: 110 | AG79: 106 | AH79: 104 | AI79: 104 | AJ79: 103 | AK79: 106 | AL79: 107 | AM79: 104 | AN79: 103 | AO79: 103 | AP79: 92 | AQ79: 98 | AR79: 93 | AS79: 86 | AT79: 83 | AU79: 84 | AV79: 82 | AW79: 81
... A98: 20210131 | B98: 51 | C98: 37 | D98: 36 | E98: 31 | F98: 33 | G98: 35 | H98: 34 | I98: 33 | J98: 30 | K98: 31 | L98: 35 | M98: 47 | N98: 98 | O98: 84 | P98: 98 | Q98: 106 | R98: 107 | S98: 110 | T98: 119 | U98: 125 | V98: 119 | W98: 117 | X98: 123 | Y98: 113 | Z98: 117 | AA98: 116 | AB98: 116 | AC98: 120 | AD98: 119 | AE98: 122 | AF98: 113 | AG98: 108 | AH98: 105 | AI98: 105 | AJ98: 109 | AK98: 101 | AL98: 102 | AM98: 109 | AN98: 99 | AO98: 100 | AP98: 96 | AQ98: 102 | AR98: 99 | AS98: 91 | AT98: 84 | AU98: 87 | AV98: 81 | AW98: 80
B99: =AVERAGE(B68:B98) -> 54.193548 | C99: =AVERAGE(C68:C98) -> 40.612903 | D99: =AVERAGE(D68:D98) -> 38.548387 | E99: =AVERAGE(E68:E98) -> 34.870968 | F99: =AVERAGE(F68:F98) -> 36.225806 | G99: =AVERAGE(G68:G98) -> 38.387097 | H99: =AVERAGE(H68:H98) -> 36.83871 | I99: =AVERAGE(I68:I98) -> 35.354839 | ... AW99: =AVERAGE(AW68:AW98) -> 78.870968
B100: =AVERAGE(B68:C99) -> 47.403226 | D100: =AVERAGE(D68:E99) -> 36.709677 | F100: =AVERAGE(F68:G99) -> 37.306452 | H100: =AVERAGE(H68:I99) -> 36.096774 | J100: =AVERAGE(J68:K99) -> 33.16129 | L100: =AVERAGE(L68:M99) -> 46.467742 | N100: =AVERAGE(N68:O99) -> 88.854839 | P100: =AVERAGE(P68:Q99) -> 102.41935 | R100: =AVERAGE(R68:S99) -> 110.32258 | T100: =AVERAGE(T68:U99) -> 117.83871 | V100: =AVERAGE(V68:W99) -> 112.79032 | X100: =AVERAGE(X68:Y99) -> 113.77419 | Z100: =AVERAGE(Z68:AA99) -> 117.59677 | AB100: =AVERAGE(AB68:AC99) -> 114.29032 | AD100: =AVERAGE(AD68:AE99) -> 113.45161 | AF100: =AVERAGE(AF68:AG99) -> 109.27419 | AH100: =AVERAGE(AH68:AI99) -> 104.83871 | AJ100: =AVERAGE(AJ68:AK99) -> 103.48387 | AL100: =AVERAGE(AL68:AM99) -> 104.59677 | AN100: =AVERAGE(AN68:AO99) -> 101.01613 | AP100: =AVERAGE(AP68:AQ99) -> 96.645161 | AR100: =AVERAGE(AR68:AS99) -> 89.16129 | AT100: =AVERAGE(AT68:AU99) -> 82.080645 | AV100: =AVERAGE(AV68:AW99) -> 79.564516
A101: 20210201 | B101: 50 | C101: 37 | D101: 35 | E101: 31 | F101: 32 | G101: 35 | H101: 32 | I101: 32 | J101: 29 | K101: 30 | L101: 30 | M101: 40 | N101: 93 | O101: 84 | P101: 98 | Q101: 103 | R101: 107 | S101: 115 | T101: 118 | U101: 117 | V101: 119 | W101: 113 | X101: 114 | Y101: 111 | Z101: 120 | AA101: 120 | AB101: 116 | AC101: 113 | AD101: 110 | AE101: 118 | AF101: 114 | AG101: 109 | AH101: 102 | AI101: 103 | AJ101: 102 | AK101: 106 | AL101: 106 | AM101: 109 | AN101: 99 | AO101: 100 | AP101: 97 | AQ101: 98 | AR101: 94 | AS101: 88 | AT101: 82 | AU101: 86 | AV101: 82 | AW101: 83
A102: 20210202 | B102: 54 | C102: 39 | D102: 36 | E102: 32 | F102: 34 | G102: 36 | H102: 36 | I102: 32 | J102: 31 | K102: 39 | L102: 51 | M102: 72 | N102: 89 | O102: 82 | P102: 98 | Q102: 106 | R102: 101 | S102: 115 | T102: 121 | U102: 113 | V102: 111 | W102: 111 | X102: 112 | Y102: 111 | Z102: 113 | AA102: 115 | AB102: 112 | AC102: 111 | AD102: 110 | AE102: 113 | AF102: 106 | AG102: 110 | AH102: 103 | AI102: 104 | AJ102: 103 | AK102: 107 | AL102: 105 | AM102: 105 | AN102: 104 | AO102: 100 | AP102: 101 | AQ102: 103 | AR102: 95 | AS102: 89 | AT102: 82 | AU102: 82 | AV102: 79 | AW102: 80
A103: 20210203 | B103: 55 | C103: 39 | D103: 35 | E103: 32 | F103: 33 | G103: 35 | H103: 34 | I103: 33 | J103: 29 | K103: 30 | L103: 35 | M103: 46 | N103: 89 | O103: 83 | P103: 94 | Q103: 103 | R103: 105 | S103: 117 | T103: 114 | U103: 107 | V103: 110 | W103: 109 | X103: 110 | Y103: 110 | Z103: 112 | AA103: 109 | AB103: 106 | AC103: 106 | AD103: 108 | AE103: 109 | AF103: 106 | AG103: 102 | AH103: 102 | AI103: 100 | AJ103: 100 | AK103: 101 | AL103: 99 | AM103: 102 | AN103: 101 | AO103: 101 | AP103: 97 | AQ103: 94 | AR103: 88 | AS103: 86 | AT103: 83 | AU103: 83 | AV103: 84 | AW103: 81
A104: 20210204 | B104: 52 | C104: 37 | D104: 35 | E104: 32 | F104: 34 | G104: 35 | H104: 34 | I104: 32 | J104: 29 | K104: 30 | L104: 34 | M104: 48 | N104: 94 | O104: 85 | P104: 99 | Q104: 101 | R104: 106 | S104: 119 | T104: 126 | U104: 113 | V104: 113 | W104: 111 | X104: 110 | Y104: 112 | Z104: 118 | AA104: 118 | AB104: 113 | AC104: 113 | AD104: 110 | AE104: 113 | AF104: 109 | AG104: 104 | AH104: 103 | AI104: 102 | AJ104: 103 | AK104: 105 | AL104: 101 | AM104: 105 | AN104: 101 | AO104: 101 | AP104: 97 | AQ104: 98 | AR104: 93 | AS104: 86 | AT104: 81 | AU104: 82 | AV104: 83 | AW104: 80
A105: 20210205 | B105: 56 | C105: 38 | D105: 35 | E105: 30 | F105: 33 | G105: 36 | H105: 33 | I105: 32 | J105: 29 | K105: 29 | L105: 31 | M105: 35 | N105: 63 | O105: 88 | P105: 94 | Q105: 107 | R105: 103 | S105: 107 | T105: 112 | U105: 112 | V105: 109 | W105: 107 | X105: 110 | Y105: 109 | Z105: 111 | AA105: 115 | AB105: 115 | AC105: 113 | AD105: 105 | AE105: 112 | AF105: 106 | AG105: 109 | AH105: 99 | AI105: 100 | AJ105: 101 | AK105: 106 | AL105: 103 | AM105: 103 | AN105: 97 | AO105: 93 | AP105: 89 | AQ105: 92 | AR105: 90 | AS105: 85 | AT105: 81 | AU105: 84 | AV105: 82 | AW105: 81
A106: 20210206 | B106: 54 | C106: 38 | D106: 35 | E106: 31 | F106: 33 | G106: 34 | H106: 34 | I106: 32 | J106: 29 | K106: 30 | L106: 34 | M106: 45 | N106: 92 | O106: 95 | P106: 101 | Q106: 102 | R106: 107 | S106: 113 | T106: 120 | U106: 120 | V106: 111 | W106: 113 | X106: 111 | Y106: 115 | Z106: 119 | AA106: 118 | AB106: 118 | AC106: 121 | AD106: 118 | AE106: 116 | AF106: 110 | AG106: 114 | AH106: 108 | AI106: 105 | AJ106: 106 | AK106: 104 | AL106: 102 | AM106: 109 | AN106: 106 | AO106: 99 | AP106: 102 | AQ106: 98 | AR106: 95 | AS106: 91 | AT106: 91 | AU106: 87 | AV106: 87 | AW106: 82
A107: 20210207 | B107: 52 | C107: 39 | D107: 37 | E107: 34 | F107: 34 | G107: 36 | H107: 36 | I107: 33 | J107: 31 | K107: 31 | L107: 36 | M107: 47 | N107: 99 | O107: 100 | P107: 103 | Q107: 107 | R107: 110 | S107: 119 | T107: 127 | U107: 119 | V107: 112 | W107: 119 | X107: 118 | Y107: 121 | Z107: 117 | AA107: 120 | AB107: 122 | AC107: 118 | AD107: 115 | AE107: 121 | AF107: 115 | AG107: 108 | AH107: 107 | AI107: 105 | AJ107: 98 | AK107: 102 | AL107: 102 | AM107: 110 | AN107: 107 | AO107: 104 | AP107: 98 | AQ107: 105 | AR107: 97 | AS107: 88 | AT107: 86 | AU107: 86 | AV107: 85 | AW107: 82
A108: 20210208 | B108: 50 | C108: 38 | D108: 35 | E108: 31 | F108: 33 | G108: 35 | H108: 34 | I108: 32 | J108: 29 | K108: 30 | L108: 34 | M108: 45 | N108: 95 | O108: 90 | P108: 101 | Q108: 104 | R108: 104 | S108: 116 | T108: 122 | U108: 118 | V108: 111 | W108: 114 | X108: 117 | Y108: 115 | Z108: 114 | AA108: 111 | AB108: 105 | AC108: 105 | AD108: 102 | AE108: 108 | AF108: 105 | AG108: 107 | AH108: 103 | AI108: 103 | AJ108: 105 | AK108: 106 | AL108: 106 | AM108: 110 | AN108: 101 | AO108: 98 | AP108: 93 | AQ108: 94 | AR108: 94 | AS108: 85 | AT108: 83 | AU108: 83 | AV108: 81 | AW108: 79
A109: 20210209 | B109: 50 | C109: 36 | D109: 34 | E109: 30 | F109: 32 | G109: 34 | H109: 32 | I109: 31 | J109: 28 | K109: 29 | L109: 28 | M109: 45 | N109: 83 | O109: 71 | P109: 88 | Q109: 94 | R109: 96 | S109: 107 | T109: 123 | U109: 117 | V109: 117 | W109: 115 | X109: 115 | Y109: 113 | Z109: 120 | AA109: 120 | AB109: 116 | AC109: 114 | AD109: 112 | AE109: 115 | AF109: 111 | AG109: 109 | AH109: 107 | AI109: 105 | AJ109: 105 | AK109: 107 | AL109: 108 | AM109: 107 | AN109: 101 | AO109: 102 | AP109: 96 | AQ109: 96 | AR109: 93 | AS109: 89 | AT109: 86 | AU109: 86 | AV109: 84 | AW109: 81
A110: 20210210 | B110: 57 | C110: 38 | D110: 37 | E110: 33 | F110: 33 | G110: 36 | H110: 35 | I110: 33 | J110: 30 | K110: 31 | L110: 33 | M110: 53 | N110: 77 | O110: 81 | P110: 93 | Q110: 101 | R110: 106 | S110: 114 | T110: 115 | U110: 114 | V110: 114 | W110: 107 | X110: 106 | Y110: 106 | Z110: 108 | AA110: 110 | AB110: 108 | AC110: 106 | AD110: 107 | AE110: 111 | AF110: 105 | AG110: 104 | AH110: 102 | AI110: 99 | AJ110: 99 | AK110: 99 | AL110: 103 | AM110: 108 | AN110: 99 | AO110: 104 | AP110: 97 | AQ110: 99 | AR110: 95 | AS110: 92 | AT110: 87 | AU110: 87 | AV110: 89 | AW110: 84
A111: 20210211 | B111: 60 | C111: 47 | D111: 47 | E111: 43 | F111: 43 | G111: 47 | H111: 45 | I111: 39 | J111: 32 | K111: 31 | L111: 34 | M111: 48 | N111: 98 | O111: 87 | P111: 97 | Q111: 106 | R111: 105 | S111: 116 | T111: 119 | U111: 115 | V111: 117 | W111: 115 | X111: 116 | Y111: 119 | Z111: 115 | AA111: 117 | AB111: 116 | AC111: 111 | AD111: 107 | AE111: 116 | AF111: 108 | AG111: 104 | AH111: 103 | AI111: 100 | AJ111: 103 | AK111: 100 | AL111: 99 | AM111: 109 | AN111: 107 | AO111: 101 | AP111: 97 | AQ111: 105 | AR111: 94 | AS111: 90 | AT111: 84 | AU111: 85 | AV111: 82 | AW111: 82
A112: 20210212 | B112: 52 | C112: 37 | D112: 35 | E112: 31 | F112: 32 | G112: 34 | H112: 32 | I112: 30 | J112: 28 | K112: 29 | L112: 30 | M112: 61 | N112: 87 | O112: 83 | P112: 101 | Q112: 105 | R112: 109 | S112: 118 | T112: 123 | U112: 124 | V112: 119 | W112: 118 | X112: 112 | Y112: 113 | Z112: 112 | AA112: 115 | AB112: 115 | AC112: 114 | AD112: 104 | AE112: 119 | AF112: 111 | AG112: 108 | AH112: 102 | AI112: 104 | AJ112: 106 | AK112: 106 | AL112: 102 | AM112: 107 | AN112: 104 | AO112: 99 | AP112: 98 | AQ112: 100 | AR112: 95 | AS112: 91 | AT112: 85 | AU112: 84 | AV112: 81 | AW112: 83
... A128: 20210228 | B128: 49 | C128: 37 | D128: 35 | E128: 31 | F128: 32 | G128: 35 | H128: 33 | I128: 32 | J128: 29 | K128: 29 | L128: 29 | M128: 69 | N128: 77 | O128: 82 | P128: 95 | Q128: 104 | R128: 104 | S128: 113 | T128: 129 | U128: 126 | V128: 125 | W128: 118 | X128: 125 | Y128: 120 | Z128: 118 | AA128: 127 | AB128: 119 | AC128: 117 | AD128: 117 | AE128: 124 | AF128: 118 | AG128: 114 | AH128: 108 | AI128: 107 | AJ128: 107 | AK128: 111 | AL128: 107 | AM128: 109 | AN128: 101 | AO128: 106 | AP128: 104 | AQ128: 109 | AR128: 104 | AS128: 102 | AT128: 95 | AU128: 94 | AV128: 88 | AW128: 91
B130: =AVERAGE(B101:B129) -> 53.75 | C130: =AVERAGE(C101:C129) -> 38.5 | D130: =AVERAGE(D101:D129) -> 36.607143 | E130: =AVERAGE(E101:E129) -> 32.678571 | F130: =AVERAGE(F101:F129) -> 33.642857 | G130: =AVERAGE(G101:G129) -> 36.107143 | H130: =AVERAGE(H101:H129) -> 34.928571 | I130: =AVERAGE(I101:I129) -> 32.75 | ... AW130: =AVERAGE(AW101:AW129) -> 83.928571
B131: =AVERAGE(B101:C130) -> 46.125 | D131: =AVERAGE(D101:E130) -> 34.642857 | F131: =AVERAGE(F101:G130) -> 34.875 | H131: =AVERAGE(H101:I130) -> 33.839286 | J131: =AVERAGE(J101:K130) -> 30.482143 | L131: =AVERAGE(L101:M130) -> 42.964286 | N131: =AVERAGE(N101:O130) -> 88.857143 | P131: =AVERAGE(P101:Q130) -> 102.25 | R131: =AVERAGE(R101:S130) -> 110.91071 | T131: =AVERAGE(T101:U130) -> 121.17857 | V131: =AVERAGE(V101:W130) -> 115.21429 | X131: =AVERAGE(X101:Y130) -> 115.125 | Z131: =AVERAGE(Z101:AA130) -> 118.01786 | AB131: =AVERAGE(AB101:AC130) -> 115.28571 | AD131: =AVERAGE(AD101:AE130) -> 114.76786 | AF131: =AVERAGE(AF101:AG130) -> 111.89286 | AH131: =AVERAGE(AH101:AI130) -> 105.35714 | AJ131: =AVERAGE(AJ101:AK130) -> 106.07143 | AL131: =AVERAGE(AL101:AM130) -> 107.28571 | AN131: =AVERAGE(AN101:AO130) -> 103.82143 | AP131: =AVERAGE(AP101:AQ130) -> 100.5 | AR131: =AVERAGE(AR101:AS130) -> 94.857143 | AT131: =AVERAGE(AT101:AU130) -> 87.660714 | AV131: =AVERAGE(AV101:AW130) -> 84.982143
A132: 20200301 | B132: 57 | C132: 40 | D132: 41 | E132: 38 | F132: 38 | G132: 42 | H132: 41 | I132: 38 | J132: 36 | K132: 35 | L132: 72 | M132: 76 | N132: 84 | O132: 87 | P132: 113 | Q132: 113 | R132: 114 | S132: 119 | T132: 124 | U132: 127 | V132: 115 | W132: 119 | X132: 123 | Y132: 122 | Z132: 121 | AA132: 126 | AB132: 123 | AC132: 122 | AD132: 116 | AE132: 131 | AF132: 120 | AG132: 116 | AH132: 112 | AI132: 109 | AJ132: 106 | AK132: 109 | AL132: 101 | AM132: 107 | AN132: 109 | AO132: 112 | AP132: 103 | AQ132: 102 | AR132: 100 | AS132: 91 | AT132: 90 | AU132: 86 | AV132: 85 | AW132: 86
A133: 20200302 | B133: 62 | C133: 39 | D133: 38 | E133: 33 | F133: 36 | G133: 38 | H133: 37 | I133: 33 | J133: 31 | K133: 32 | L133: 31 | M133: 52 | N133: 104 | O133: 88 | P133: 106 | Q133: 102 | R133: 109 | S133: 117 | T133: 126 | U133: 119 | V133: 120 | W133: 120 | X133: 119 | Y133: 122 | Z133: 121 | AA133: 120 | AB133: 117 | AC133: 116 | AD133: 114 | AE133: 126 | AF133: 117 | AG133: 107 | AH133: 107 | AI133: 102 | AJ133: 110 | AK133: 113 | AL133: 103 | AM133: 111 | AN133: 111 | AO133: 110 | AP133: 100 | AQ133: 106 | AR133: 101 | AS133: 98 | AT133: 95 | AU133: 92 | AV133: 91 | AW133: 92
A134: 20200303 | B134: 61 | C134: 40 | D134: 39 | E134: 35 | F134: 37 | G134: 39 | H134: 39 | I134: 36 | J134: 32 | K134: 32 | L134: 35 | M134: 53 | N134: 104 | O134: 93 | P134: 115 | Q134: 124 | R134: 110 | S134: 123 | T134: 132 | U134: 118 | V134: 118 | W134: 120 | X134: 116 | Y134: 124 | Z134: 117 | AA134: 119 | AB134: 119 | AC134: 117 | AD134: 117 | AE134: 124 | AF134: 115 | AG134: 113 | AH134: 113 | AI134: 108 | AJ134: 109 | AK134: 110 | AL134: 107 | AM134: 109 | AN134: 115 | AO134: 115 | AP134: 100 | AQ134: 106 | AR134: 102 | AS134: 98 | AT134: 89 | AU134: 87 | AV134: 86 | AW134: 86
A135: 20200304 | B135: 61 | C135: 39 | D135: 38 | E135: 35 | F135: 37 | G135: 39 | H135: 37 | I135: 35 | J135: 33 | K135: 33 | L135: 34 | M135: 59 | N135: 93 | O135: 86 | P135: 105 | Q135: 114 | R135: 110 | S135: 116 | T135: 123 | U135: 118 | V135: 118 | W135: 121 | X135: 111 | Y135: 116 | Z135: 120 | AA135: 116 | AB135: 115 | AC135: 113 | AD135: 104 | AE135: 122 | AF135: 115 | AG135: 108 | AH135: 103 | AI135: 105 | AJ135: 106 | AK135: 102 | AL135: 106 | AM135: 111 | AN135: 112 | AO135: 112 | AP135: 105 | AQ135: 102 | AR135: 101 | AS135: 96 | AT135: 92 | AU135: 91 | AV135: 91 | AW135: 78
A136: 20200305 | B136: 68 | C136: 56 | D136: 55 | E136: 54 | F136: 54 | G136: 59 | H136: 57 | I136: 56 | J136: 54 | K136: 54 | L136: 69 | M136: 71 | N136: 116 | O136: 102 | P136: 111 | Q136: 122 | R136: 117 | S136: 119 | T136: 120 | U136: 117 | V136: 112 | W136: 115 | X136: 112 | Y136: 110 | Z136: 119 | AA136: 116 | AB136: 113 | AC136: 111 | AD136: 111 | AE136: 120 | AF136: 111 | AG136: 108 | AH136: 99 | AI136: 99 | AJ136: 99 | AK136: 107 | AL136: 106 | AM136: 103 | AN136: 96 | AO136: 96 | AP136: 97 | AQ136: 100 | AR136: 94 | AS136: 91 | AT136: 88 | AU136: 85 | AV136: 83 | AW136: 83
A137: 20200306 | B137: 52 | C137: 38 | D137: 37 | E137: 33 | F137: 36 | G137: 38 | H137: 36 | I137: 33 | J137: 30 | K137: 32 | L137: 32 | M137: 40 | N137: 102 | O137: 87 | P137: 103 | Q137: 111 | R137: 109 | S137: 116 | T137: 123 | U137: 115 | V137: 111 | W137: 115 | X137: 111 | Y137: 113 | Z137: 115 | AA137: 119 | AB137: 114 | AC137: 113 | AD137: 107 | AE137: 119 | AF137: 108 | AG137: 107 | AH137: 104 | AI137: 103 | AJ137: 99 | AK137: 102 | AL137: 98 | AM137: 108 | AN137: 105 | AO137: 98 | AP137: 95 | AQ137: 99 | AR137: 96 | AS137: 92 | AT137: 87 | AU137: 86 | AV137: 83 | AW137: 85
A138: 20200307 | B138: 56 | C138: 38 | D138: 35 | E138: 31 | F138: 34 | G138: 34 | H138: 33 | I138: 32 | J138: 28 | K138: 29 | L138: 29 | M138: 38 | N138: 98 | O138: 95 | P138: 103 | Q138: 109 | R138: 109 | S138: 118 | T138: 128 | U138: 124 | V138: 121 | W138: 128 | X138: 122 | Y138: 125 | Z138: 135 | AA138: 129 | AB138: 123 | AC138: 128 | AD138: 116 | AE138: 127 | AF138: 123 | AG138: 116 | AH138: 110 | AI138: 112 | AJ138: 109 | AK138: 108 | AL138: 104 | AM138: 110 | AN138: 110 | AO138: 104 | AP138: 102 | AQ138: 109 | AR138: 101 | AS138: 96 | AT138: 91 | AU138: 91 | AV138: 88 | AW138: 86
A139: 20200308 | B139: 56 | C139: 40 | D139: 37 | E139: 35 | F139: 36 | G139: 39 | H139: 38 | I139: 35 | J139: 34 | K139: 32 | L139: 33 | M139: 50 | N139: 103 | O139: 91 | P139: 108 | Q139: 112 | R139: 115 | S139: 122 | T139: 129 | U139: 125 | V139: 121 | W139: 122 | X139: 127 | Y139: 122 | Z139: 120 | AA139: 129 | AB139: 123 | AC139: 124 | AD139: 125 | AE139: 128 | AF139: 126 | AG139: 119 | AH139: 113 | AI139: 108 | AJ139: 107 | AK139: 111 | AL139: 105 | AM139: 114 | AN139: 114 | AO139: 108 | AP139: 101 | AQ139: 110 | AR139: 103 | AS139: 97 | AT139: 93 | AU139: 91 | AV139: 89 | AW139: 91
A140: 20200309 | B140: 61 | C140: 40 | D140: 39 | E140: 36 | F140: 38 | G140: 40 | H140: 41 | I140: 38 | J140: 35 | K140: 33 | L140: 33 | M140: 51 | N140: 100 | O140: 86 | P140: 104 | Q140: 106 | R140: 110 | S140: 116 | T140: 132 | U140: 124 | V140: 124 | W140: 126 | X140: 121 | Y140: 123 | Z140: 123 | AA140: 126 | AB140: 120 | AC140: 126 | AD140: 118 | AE140: 129 | AF140: 123 | AG140: 119 | AH140: 117 | AI140: 114 | AJ140: 115 | AK140: 121 | AL140: 106 | AM140: 111 | AN140: 106 | AO140: 107 | AP140: 102 | AQ140: 105 | AR140: 101 | AS140: 97 | AT140: 96 | AU140: 91 | AV140: 90 | AW140: 88
A141: 20200310 | B141: 55 | C141: 41 | D141: 40 | E141: 37 | F141: 39 | G141: 42 | H141: 39 | I141: 38 | J141: 35 | K141: 35 | L141: 34 | M141: 47 | N141: 103 | O141: 87 | P141: 103 | Q141: 111 | R141: 117 | S141: 123 | T141: 128 | U141: 125 | V141: 123 | W141: 122 | X141: 120 | Y141: 118 | Z141: 120 | AA141: 127 | AB141: 119 | AC141: 119 | AD141: 113 | AE141: 126 | AF141: 120 | AG141: 116 | AH141: 118 | AI141: 119 | AJ141: 113 | AK141: 112 | AL141: 108 | AM141: 115 | AN141: 113 | AO141: 115 | AP141: 107 | AQ141: 110 | AR141: 104 | AS141: 100 | AT141: 97 | AU141: 97 | AV141: 95 | AW141: 96
A142: 20200311 | B142: 71 | C142: 55 | D142: 53 | E142: 52 | F142: 53 | G142: 57 | H142: 55 | I142: 51 | J142: 49 | K142: 43 | L142: 38 | M142: 51 | N142: 104 | O142: 92 | P142: 104 | Q142: 109 | R142: 116 | S142: 127 | T142: 123 | U142: 119 | V142: 113 | W142: 112 | X142: 111 | Y142: 114 | Z142: 115 | AA142: 120 | AB142: 110 | AC142: 111 | AD142: 106 | AE142: 115 | AF142: 109 | AG142: 104 | AH142: 105 | AI142: 103 | AJ142: 104 | AK142: 103 | AL142: 97 | AM142: 98 | AN142: 94 | AO142: 96 | AP142: 95 | AQ142: 101 | AR142: 100 | AS142: 94 | AT142: 93 | AU142: 90 | AV142: 86 | AW142: 89
A143: 20200312 | B143: 63 | C143: 42 | D143: 41 | E143: 38 | F143: 39 | G143: 41 | H143: 41 | I143: 39 | J143: 36 | K143: 37 | L143: 35 | M143: 44 | N143: 101 | O143: 86 | P143: 106 | Q143: 106 | R143: 109 | S143: 117 | T143: 124 | U143: 120 | V143: 112 | W143: 118 | X143: 117 | Y143: 110 | Z143: 117 | AA143: 118 | AB143: 116 | AC143: 112 | AD143: 107 | AE143: 120 | AF143: 118 | AG143: 109 | AH143: 104 | AI143: 104 | AJ143: 100 | AK143: 101 | AL143: 96 | AM143: 102 | AN143: 100 | AO143: 104 | AP143: 98 | AQ143: 102 | AR143: 98 | AS143: 95 | AT143: 88 | AU143: 88 | AV143: 86 | AW143: 79
... A162: 20200331 | B162: 63 | C162: 51 | D162: 50 | E162: 48 | F162: 39 | G162: 39 | H162: 37 | I162: 35 | J162: 31 | K162: 32 | L162: 31 | M162: 44 | N162: 101 | O162: 86 | P162: 101 | Q162: 108 | R162: 108 | S162: 115 | T162: 123 | U162: 123 | V162: 118 | W162: 117 | X162: 122 | Y162: 116 | Z162: 116 | AA162: 121 | AB162: 121 | AC162: 116 | AD162: 110 | AE162: 124 | AF162: 117 | AG162: 113 | AH162: 115 | AI162: 113 | AJ162: 108 | AK162: 111 | AL162: 106 | AM162: 113 | AN162: 106 | AO162: 109 | AP162: 104 | AQ162: 110 | AR162: 106 | AS162: 103 | AT162: 96 | AU162: 96 | AV162: 94 | AW162: 91
B163: =AVERAGE(B132:B162) -> 58.354839 | C163: =AVERAGE(C132:C162) -> 40.741935 | D163: =AVERAGE(D132:D162) -> 39.612903 | E163: =AVERAGE(E132:E162) -> 36.290323 | F163: =AVERAGE(F132:F162) -> 37.290323 | G163: =AVERAGE(G132:G162) -> 40.258065 | H163: =AVERAGE(H132:H162) -> 38.83871 | I163: =AVERAGE(I132:I162) -> 36.677419 | ... AW163: =AVERAGE(AW132:AW162) -> 86.580645
B164: =AVERAGE(B132:C163) -> 49.548387 | D164: =AVERAGE(D132:E163) -> 37.951613 | F164: =AVERAGE(F132:G163) -> 38.774194 | H164: =AVERAGE(H132:I163) -> 37.758065 | J164: =AVERAGE(J132:K163) -> 34.33871 | L164: =AVERAGE(L132:M163) -> 45.387097 | N164: =AVERAGE(N132:O163) -> 93.225806 | P164: =AVERAGE(P132:Q163) -> 106.48387 | R164: =AVERAGE(R132:S163) -> 114.03226 | T164: =AVERAGE(T132:U163) -> 121.46774 | V164: =AVERAGE(V132:W163) -> 116.80645 | X164: =AVERAGE(X132:Y163) -> 116.83871 | Z164: =AVERAGE(Z132:AA163) -> 119.08065 | AB164: =AVERAGE(AB132:AC163) -> 116.91935 | AD164: =AVERAGE(AD132:AE163) -> 116.85484 | AF164: =AVERAGE(AF132:AG163) -> 114.3871 | AH164: =AVERAGE(AH132:AI163) -> 107.95161 | AJ164: =AVERAGE(AJ132:AK163) -> 106.51613 | AL164: =AVERAGE(AL132:AM163) -> 104.72581 | AN164: =AVERAGE(AN132:AO163) -> 104.45161 | AP164: =AVERAGE(AP132:AQ163) -> 101.54839 | AR164: =AVERAGE(AR132:AS163) -> 97.596774 | AT164: =AVERAGE(AT132:AU163) -> 91.129032 | AV164: =AVERAGE(AV132:AW163) -> 87.580645
A165: 20200401 | B165: 69 | C165: 62 | D165: 56 | E165: 54 | F165: 56 | G165: 61 | H165: 59 | I165: 56 | J165: 55 | K165: 53 | L165: 55 | M165: 60 | N165: 99 | O165: 84 | P165: 89 | Q165: 102 | R165: 105 | S165: 110 | T165: 115 | U165: 110 | V165: 109 | W165: 110 | X165: 106 | Y165: 106 | Z165: 111 | AA165: 110 | AB165: 103 | AC165: 106 | AD165: 98 | AE165: 108 | AF165: 104 | AG165: 97 | AH165: 93 | AI165: 94 | AJ165: 95 | AK165: 91 | AL165: 88 | AM165: 96 | AN165: 94 | AO165: 88 | AP165: 86 | AQ165: 92 | AR165: 91 | AS165: 86 | AT165: 81 | AU165: 82 | AV165: 79 | AW165: 79
A166: 20200402 | B166: 62 | C166: 41 | D166: 39 | E166: 37 | F166: 37 | G166: 41 | H166: 40 | I166: 38 | J166: 35 | K166: 35 | L166: 35 | M166: 45 | N166: 105 | O166: 90 | P166: 98 | Q166: 108 | R166: 111 | S166: 119 | T166: 122 | U166: 118 | V166: 113 | W166: 115 | X166: 113 | Y166: 113 | Z166: 116 | AA166: 116 | AB166: 117 | AC166: 115 | AD166: 111 | AE166: 120 | AF166: 117 | AG166: 110 | AH166: 102 | AI166: 105 | AJ166: 102 | AK166: 103 | AL166: 103 | AM166: 108 | AN166: 105 | AO166: 101 | AP166: 96 | AQ166: 102 | AR166: 97 | AS166: 96 | AT166: 92 | AU166: 89 | AV166: 91 | AW166: 82
A167: 20200403 | B167: 55 | C167: 40 | D167: 37 | E167: 35 | F167: 35 | G167: 39 | H167: 39 | I167: 34 | J167: 33 | K167: 33 | L167: 34 | M167: 44 | N167: 101 | O167: 90 | P167: 98 | Q167: 104 | R167: 107 | S167: 118 | T167: 126 | U167: 120 | V167: 120 | W167: 122 | X167: 120 | Y167: 118 | Z167: 115 | AA167: 122 | AB167: 120 | AC167: 119 | AD167: 113 | AE167: 118 | AF167: 115 | AG167: 117 | AH167: 110 | AI167: 106 | AJ167: 107 | AK167: 111 | AL167: 102 | AM167: 105 | AN167: 102 | AO167: 101 | AP167: 98 | AQ167: 102 | AR167: 102 | AS167: 98 | AT167: 96 | AU167: 91 | AV167: 92 | AW167: 90
A168: 20200404 | B168: 60 | C168: 41 | D168: 39 | E168: 35 | F168: 36 | G168: 39 | H168: 38 | I168: 36 | J168: 32 | K168: 33 | L168: 33 | M168: 46 | N168: 102 | O168: 93 | P168: 107 | Q168: 110 | R168: 117 | S168: 120 | T168: 130 | U168: 125 | V168: 117 | W168: 121 | X168: 119 | Y168: 124 | Z168: 124 | AA168: 128 | AB168: 121 | AC168: 127 | AD168: 116 | AE168: 126 | AF168: 124 | AG168: 119 | AH168: 115 | AI168: 113 | AJ168: 109 | AK168: 108 | AL168: 102 | AM168: 106 | AN168: 103 | AO168: 106 | AP168: 103 | AQ168: 105 | AR168: 100 | AS168: 99 | AT168: 95 | AU168: 92 | AV168: 90 | AW168: 90
A169: 20200405 | B169: 59 | C169: 40 | D169: 39 | E169: 37 | F169: 37 | G169: 40 | H169: 41 | I169: 38 | J169: 34 | K169: 34 | L169: 48 | M169: 73 | N169: 81 | O169: 88 | P169: 106 | Q169: 112 | R169: 104 | S169: 115 | T169: 123 | U169: 113 | V169: 113 | W169: 113 | X169: 112 | Y169: 120 | Z169: 116 | AA169: 117 | AB169: 115 | AC169: 124 | AD169: 113 | AE169: 118 | AF169: 120 | AG169: 110 | AH169: 100 | AI169: 98 | AJ169: 101 | AK169: 109 | AL169: 99 | AM169: 103 | AN169: 100 | AO169: 101 | AP169: 96 | AQ169: 101 | AR169: 95 | AS169: 93 | AT169: 89 | AU169: 89 | AV169: 95 | AW169: 91
A170: 20200406 | B170: 61 | C170: 39 | D170: 38 | E170: 33 | F170: 35 | G170: 37 | H170: 37 | I170: 35 | J170: 33 | K170: 32 | L170: 34 | M170: 47 | N170: 92 | O170: 79 | P170: 91 | Q170: 95 | R170: 94 | S170: 112 | T170: 122 | U170: 110 | V170: 111 | W170: 111 | X170: 108 | Y170: 121 | Z170: 119 | AA170: 113 | AB170: 111 | AC170: 113 | AD170: 107 | AE170: 116 | AF170: 113 | AG170: 115 | AH170: 110 | AI170: 109 | AJ170: 107 | AK170: 105 | AL170: 105 | AM170: 111 | AN170: 104 | AO170: 101 | AP170: 98 | AQ170: 102 | AR170: 98 | AS170: 96 | AT170: 89 | AU170: 89 | AV170: 87 | AW170: 82
A171: 20200407 | B171: 56 | C171: 41 | D171: 38 | E171: 34 | F171: 35 | G171: 38 | H171: 38 | I171: 36 | J171: 34 | K171: 33 | L171: 36 | M171: 51 | N171: 105 | O171: 89 | P171: 107 | Q171: 106 | R171: 108 | S171: 123 | T171: 122 | U171: 125 | V171: 119 | W171: 122 | X171: 118 | Y171: 124 | Z171: 126 | AA171: 120 | AB171: 119 | AC171: 116 | AD171: 113 | AE171: 124 | AF171: 117 | AG171: 113 | AH171: 106 | AI171: 109 | AJ171: 109 | AK171: 108 | AL171: 104 | AM171: 111 | AN171: 109 | AO171: 105 | AP171: 97 | AQ171: 105 | AR171: 101 | AS171: 96 | AT171: 94 | AU171: 89 | AV171: 86 | AW171: 88
A172: 20200408 | B172: 59 | C172: 38 | D172: 37 | E172: 33 | F172: 34 | G172: 37 | H172: 36 | I172: 33 | J172: 32 | K172: 32 | L172: 33 | M172: 45 | N172: 103 | O172: 86 | P172: 99 | Q172: 100 | R172: 105 | S172: 119 | T172: 123 | U172: 121 | V172: 111 | W172: 115 | X172: 115 | Y172: 115 | Z172: 117 | AA172: 120 | AB172: 119 | AC172: 111 | AD172: 108 | AE172: 119 | AF172: 119 | AG172: 112 | AH172: 110 | AI172: 104 | AJ172: 106 | AK172: 108 | AL172: 101 | AM172: 106 | AN172: 103 | AO172: 102 | AP172: 99 | AQ172: 103 | AR172: 99 | AS172: 97 | AT172: 94 | AU172: 91 | AV172: 93 | AW172: 89
A173: 20200409 | B173: 61 | C173: 40 | D173: 39 | E173: 37 | F173: 37 | G173: 39 | H173: 40 | I173: 37 | J173: 34 | K173: 33 | L173: 34 | M173: 45 | N173: 99 | O173: 88 | P173: 107 | Q173: 102 | R173: 107 | S173: 122 | T173: 126 | U173: 119 | V173: 120 | W173: 114 | X173: 120 | Y173: 117 | Z173: 121 | AA173: 121 | AB173: 111 | AC173: 112 | AD173: 109 | AE173: 123 | AF173: 113 | AG173: 117 | AH173: 107 | AI173: 104 | AJ173: 103 | AK173: 104 | AL173: 101 | AM173: 106 | AN173: 104 | AO173: 103 | AP173: 96 | AQ173: 103 | AR173: 99 | AS173: 94 | AT173: 91 | AU173: 88 | AV173: 88 | AW173: 85
A174: 20200410 | B174: 55 | C174: 39 | D174: 38 | E174: 35 | F174: 34 | G174: 38 | H174: 38 | I174: 35 | J174: 33 | K174: 34 | L174: 33 | M174: 46 | N174: 97 | O174: 91 | P174: 104 | Q174: 104 | R174: 109 | S174: 119 | T174: 129 | U174: 117 | V174: 115 | W174: 118 | X174: 114 | Y174: 116 | Z174: 118 | AA174: 111 | AB174: 115 | AC174: 115 | AD174: 109 | AE174: 117 | AF174: 109 | AG174: 107 | AH174: 99 | AI174: 102 | AJ174: 105 | AK174: 99 | AL174: 97 | AM174: 104 | AN174: 97 | AO174: 101 | AP174: 95 | AQ174: 104 | AR174: 97 | AS174: 94 | AT174: 88 | AU174: 87 | AV174: 86 | AW174: 85
A175: 20200411 | B175: 59 | C175: 39 | D175: 37 | E175: 34 | F175: 35 | G175: 38 | H175: 36 | I175: 34 | J175: 32 | K175: 32 | L175: 32 | M175: 42 | N175: 103 | O175: 84 | P175: 104 | Q175: 114 | R175: 111 | S175: 119 | T175: 120 | U175: 122 | V175: 123 | W175: 112 | X175: 111 | Y175: 117 | Z175: 118 | AA175: 123 | AB175: 118 | AC175: 118 | AD175: 110 | AE175: 118 | AF175: 115 | AG175: 113 | AH175: 106 | AI175: 104 | AJ175: 100 | AK175: 106 | AL175: 106 | AM175: 106 | AN175: 102 | AO175: 102 | AP175: 99 | AQ175: 101 | AR175: 96 | AS175: 93 | AT175: 91 | AU175: 91 | AV175: 89 | AW175: 82
...

Sheet （日負荷用基本データ）
A1: 日射データ地点
A2: 太陽電池モジュール設置方位 | D2: 0度南
A3: 太陽電池設置角度 | D3: 0度
A4: システム容量 | D4: =9.9*22 -> 217.8 | E4: （ＫＷ） | G4: 10 | H4: 9.9
A5: モジュール容量 | D5: =0.38*880 -> 334.4 | E5: （ＫＷ） | G5: 379 | H5: 0.315
B7: 1月 | C7: 2月 | D7: 3月 | E7: 4月 | F7: 5月 | G7: 6月 | H7: 7月 | I7: 8月 | J7: 9月 | K7: 10月 | L7: 11月 | M7: 12月 | N7: 年間合計
A8: 日射量 | B8: 1.31 | C8: 1.87 | D8: 2.85 | E8: 4 | F8: 5.27 | G8: 5.35 | H8: 4.73 | I8: 4.83 | J8: 3.97 | K8: 2.79 | L8: 1.69 | M8: 1.13 | N8: =SUM(B8:M8) -> 39.79
A9: 発電量 | B9: 12228 | C9: 15579 | D9: 25619 | E9: 33182 | F9: 43902 | G9: 42868 | H9: 39248 | I9: 40571 | J9: 33064 | K9: 24989 | L9: 15036 | M9: 10450 | N9: =SUM(B9:M9) -> 336736 | O9: =AVERAGE(B9:M9) -> 28061.333
B10: 冬 | C10: 冬 | D10: 冬 | E10: 春 | F10: 春 | G10: 夏 | H10: 夏 | I10: 夏 | J10: 秋 | K10: 秋 | L10: 冬 | M10: 冬
A12: 容量 | B12: 12.375 | C12: =B12 -> 12.375 | D12: =B12 -> 12.375
A13: INVロス | B13: 0.95 | C13: 0.95 | D13: 0.95
A14: その他ロス | B14: 0.95 | C14: 0.95 | D14: 0.95 | F14: 9月秋分 | H14: 6月夏至 | J14: 12月冬至
B15: 春秋 | C15: 夏 | D15: 冬 | F15: 春秋 | H15: 夏 | J15: 冬
A16: 時刻 | B16: 日射量MJ | C16: 日射量MJ | D16: 日射量MJ | E16: 時刻 | F16: 発電 （ＫＷ） | H16: 発電 （ＫＷ） | J16: 発電 （ＫＷ）
A18: 1 | B18: 0 | C18: 0 | D18: 0 | E18: 1 | F18: =$F$42*G18 -> 0 | G18: 0 | H18: =$H$42*I18 -> 0 | I18: 0 | J18: =$J$42*K18 -> 0 | K18: 0
A19: 2 | B19: 0 | C19: 0 | D19: 0 | E19: 2 | F19: =$F$42*G19 -> 0 | G19: 0 | H19: =$H$42*I19 -> 0 | I19: 0 | J19: =$J$42*K19 -> 0 | K19: 0
A20: 3 | B20: 0 | C20: 0 | D20: 0 | E20: 3 | F20: =$F$42*G20 -> 0 | G20: 0 | H20: =$H$42*I20 -> 0 | I20: 0 | J20: =$J$42*K20 -> 0 | K20: 0
A21: 4 | B21: 0 | C21: 0 | D21: 0 | E21: 4 | F21: =$F$42*G21 -> 0 | G21: 0 | H21: =$H$42*I21 -> 0 | I21: 0 | J21: =$J$42*K21 -> 0 | K21: 0
A22: 5 | B22: 0 | C22: 0.02 | D22: 0 | E22: 5 | F22: =$F$42*G22 -> 0 | G22: 0 | H22: =$H$42*I22 -> 0.026218977 | I22: 1.9233561e-05 | J22: =$J$42*K22 -> 0 | K22: 0
A23: 6 | B23: 0.11 | C23: 0.26 | D23: 0 | E23: 6 | F23: =$F$42*G23 -> 0.023514223 | G23: 1.6061801e-05 | H23: =$H$42*I23 -> 0.13259311 | I23: 9.7266866e-05 | J23: =$J$42*K23 -> 0 | K23: 0
A24: 7 | B24: 0.69 | C24: 0.92 | D24: 0 | E24: 7 | F24: =$F$42*G24 -> 0.040310096 | G24: 2.7534516e-05 | H24: =$H$42*I24 -> 0.28990697 | I24: 0.00021266823 | J24: =$J$42*K24 -> 0.0050061236 | K24: 5.4825579e-06
A25: 8 | B25: 1.43 | C25: 1.65 | D25: 0.09 | E25: 8 | F25: =$F$42*G25 -> 0.09674423 | G25: 6.6082839e-05 | H25: =$H$42*I25 -> 44.946817 | I25: 0.032971819 | J25: =$J$42*K25 -> 0.080097977 | K25: 8.7720926e-05
A26: 9 | B26: 2.19 | C26: 2.3 | D26: 0.78 | E26: 9 | F26: =$F$42*G26 -> 32.248077 | G26: 0.022027613 | H26: =$H$42*I26 -> 58.430862 | I26: 0.042863365 | J26: =$J$42*K26 -> 39.548376 | K26: 0.043312207
A27: 10 | B27: 2.81 | C27: 2.88 | D27: 1.39 | E27: 10 | F27: =$F$42*G27 -> 77.12665 | G27: 0.052682708 | H27: =$H$42*I27 -> 82.327587 | I27: 0.060393382 | J27: =$J$42*K27 -> 95.005101 | K27: 0.10404676
A28: 11 | B28: 3.21 | C28: 3.23 | D28: 1.76 | E28: 11 | F28: =$F$42*G28 -> 257.98461 | G28: 0.1762209 | H28: =$H$42*I28 -> 104.27662 | I28: 0.07649462 | J28: =$J$42*K28 -> 166.87079 | K28: 0.18275193
A29: 12 | B29: 3.45 | C29: 3.48 | D29: 2.02 | E29: 12 | F29: =$F$42*G29 -> 268.73397 | G29: 0.18356344 | H29: =$H$42*I29 -> 268.93179 | I29: 0.19728138 | J29: =$J$42*K29 -> 177.16115 | K29: 0.19402163
... A41: 24 | B41: 0 | C41: 0 | D41: 0 | E41: 24 | F41: =$F$42*G41 -> 0 | G41: 0 | H41: =$H$42*I41 -> 0 | I41: 0 | J41: =$J$42*K41 -> 0 | K41: 0
A42: 合計 | B42: =SUM(B18:B41) -> 26.9 | C42: =SUM(C18:C41) -> 28.31 | D42: =SUM(D18:D41) -> 11.41 | E42: 合計 | F42: =((E9+F9+J9+K9)/4)/30*1.3 -> 1463.9842 | H42: =((G9+H9+I9)/3)/30 -> 1363.1889 | J42: =((J9+K9+L9+M9+B9+C9+D9)/7)/30*1.4 -> 913.1
A43: 最大 | B43: =MAX(B18:B41) -> 3.45 | C43: =MAX(C18:C41) -> 3.48 | D43: =MAX(D18:D41) -> 2.02 | E43: 最大 | F43: =MAX(F18:F41) -> 268.73397 | H43: =MAX(H18:H41) -> 268.93179 | J43: =MAX(J18:J41) -> 177.16115
A45: ＮＥＤＯの日射積算ランキング（晴天日を想定した）データーを使用。

Sheet 様式３（回転機）
L1: 様式３
K3: 年 月 日
A4: 主要設備仕様（回転機）
H5: 発電設備等設置者名
I6: 号発電機 | J6: （既設 ・ 新設 ・ 増設）
A7: １．一般
B8: （１）原動機の種類（内燃機関、風力など）
B9: （２）発電機の種類（同期発電機、誘導発電機）
B10: （３）発電機台数 | H10: 台
B11: （４）運転可能周波数 | H11: Hz ～ Hz
H12: Hz
B13: （５）自動電圧調整装置（AVR）の有無 | H13: 有 ・ 無
B14: （６）自動電圧調整装置（AVR）の定数（整定値）
A16: ２．昇圧用変圧器
B17: （１）定格容量 | H17: kVA
B18: （２）定格１次電圧／２次電圧 | H18: V ／ kV
B19: （３）タップ切替器仕様 | F19: タップ数
F20: 電圧調整範囲
B21: （４）％インピーダンス（変圧器定格容量ベース）
A23: ３．交流発電機
B24: 共通事項 | C24: 容 量 | D24: kVA
C25: 定格電圧 | D25: V
C26: 定格出力 | D26: kW
C27: 出力抑制時の最低出力 （火力・バイオマスの場合） | D27: kW
C28: 力率（定格） | D28: % | G28: 力率（運転可能範囲）
C29: ＦＲＴ要件適用の有無 | D29: 有 ・ 無
B30: 同期発電機 | D30: （a）Xd（同期リアクタンス） | K30: %
D31: （b）Xd'（過渡リアクタンス） | K31: %
D32: （c）Xd''（初期過渡リアクタンス） | K32: %
D33: （d）Tdo'（開路時定数） | K33: s
D34: （e）Tdo''（開路時定数） | K34: s
D35: （f）慣性定数 | K35: s
D36: 制動巻線 有 ・ 無
B37: 誘導発電機 | D37: （g）x（拘束リアクタンス）
D38: 限流リアクトル | F38: 有 ・ 無 | H38: 限流リアクトル容量
A39: ※（a）、（b）、（c）または、（g）については必ず記載

Sheet 様式３（二次励磁機）
L1: 様式３
L2: 44622
L3: 年 月 日
A4: 発電設備仕様（二次励磁巻線形誘導機）
H6: 発電設備等設置者名
I7: 号発電機 | J7: （既設 ・ 新設 ・ 増設）
A8: １．全般
B9: （１）原動機の種類（風力など）
B10: （２）発電機台数 | H10: [台]
A12: ２．交流発電機
B13: （１）メーカ･型式 | D13: 【ﾒｰｶ】 【型式】
B14: （２）電気方式 | D14: 三相３線式 ・ 単相３線式 ・ 単相２線式
B15: （３）定格容量 | D15: ［kVA］
B16: （４）定格出力 | D16: ［kW］
B17: （５）出力抑制時の最低出力 （火力・バイオマスの場合） | D17: ［kW］
B18: （６）定格電圧 | D18: ［kV］
B19: （７）力率 | C19: 定格 | D19: ［%］ | G19: 運転可能範囲 | I19: 遅れ ［%］～進み ［%］
C20: 調整範囲 | D20: 力率設定範囲： [%]～ [%]
D21: 力率設定ステップ： [%]
B22: （８）定格周波数 | H22: ［Hz］
B23: （９）連続運転可能周波数 | H23: ［Hz］～ ［Hz］
B24: （10）運転可能周波数 （ s） | H24: ［Hz］～ ［Hz］
B25: （11）系統並解列箇所 | H25: 添付 様式５の４ 参照
B26: （12）自動的に同期がとれる機能の有無 | H26: 有 ・ 無
B27: （13）誘導発電機諸定数 （基準容量 kVA）
C28: （a）拘束リアクタンス | G28: (XL) | H28: ［%］
B29: （14）二次励磁装置種類
C30: （a）主回路方式 | G30: 他励式インバータ ・ その他（ ）
G31: 電圧型 ・ 電流型
C32: （b）出力制御方式 | G32: 電圧制御方式 ・ 電流制御方式
G33: ＰＷＭ ・ ＰＡＭ（サイリスタ）
B34: （15）事故時運転継続（ＦＲＴ）要件適用の有無 | G34: 有 ・ 無
B35: （16）高調波電流歪率 | G35: 総合 | H35: ［%］
G36: 各次最大 | H36: 第 次 ［%］
A38: 【留意事項】
B39: ○ | C39: 異なる仕様の発電機がある場合は、本様式を複写し、仕様毎にご記載ください。
B40: ○ | C40: 系統安定度の検討などで、さらに詳細な資料を確認させていただく場合があります。

Sheet 様式５の２
T1: 様式５の２
M3: ※用紙の大きさは、日本工業規格Ａ３サイズまたはＡ４サイズとしてください。
S4: 年 月 日
P5: 発電設備等設置者名
A6: 発 電 機 制 御 系 ブ ロ ッ ク 図
A7: － ガ バ ナ 系 －
